Date,Product line,Quantity,Expiration_date,Alerte,Sales,City
2019-01-05,Health and beauty,7,2019-02-04,Produit à date courte - PROMO/DON,548.9715,Yangon
2019-03-08,Electronic accessories,5,2019-06-06,Produit à date courte - PROMO/DON,80.22,Naypyitaw
2019-03-03,Home and lifestyle,7,2019-04-17,Produit à date courte - PROMO/DON,340.5255,Yangon
2019-01-27,Health and beauty,8,2019-02-26,Produit à date courte - PROMO/DON,489.048,Yangon
2019-02-08,Sports and travel,7,2019-04-09,Produit à date courte - PROMO/DON,634.3785,Yangon
2019-03-25,Electronic accessories,7,2019-06-23,Produit à date courte - PROMO/DON,627.6165,Naypyitaw
2019-02-25,Electronic accessories,6,2019-05-26,Produit à date courte - PROMO/DON,433.692,Yangon
2019-02-24,Home and lifestyle,10,2019-04-10,Produit à date courte - PROMO/DON,772.38,Naypyitaw
2019-01-10,Health and beauty,2,2019-02-09,Produit à date courte - PROMO/DON,76.146,Yangon
2019-02-20,Food and beverages,3,2019-02-27,Produit à date courte - PROMO/DON,172.746,Mandalay
2019-02-06,Fashion accessories,4,2019-03-08,Produit à date courte - PROMO/DON,60.816,Mandalay
2019-03-09,Electronic accessories,4,2019-06-07,Produit à date courte - PROMO/DON,107.142,Mandalay
2019-02-12,Electronic accessories,5,2019-05-13,Produit à date courte - PROMO/DON,246.4875,Yangon
2019-02-07,Food and beverages,10,2019-02-14,Produit à date courte - PROMO/DON,453.495,Yangon
2019-03-29,Health and beauty,10,2019-04-28,Produit à date courte - PROMO/DON,749.49,Yangon
2019-01-15,Sports and travel,6,2019-03-16,Produit à date courte - PROMO/DON,590.436,Mandalay
2019-03-11,Health and beauty,7,2019-04-10,Produit à date courte - PROMO/DON,506.6355,Yangon
2019-01-01,Sports and travel,6,2019-03-02,Produit à date courte - PROMO/DON,457.443,Yangon
2019-01-21,Food and beverages,3,2019-01-28,Produit à date courte - PROMO/DON,172.2105,Yangon
2019-03-11,Home and lifestyle,2,2019-04-25,Produit à date courte - PROMO/DON,84.63,Mandalay
2019-02-25,Electronic accessories,5,2019-05-26,Produit à date courte - PROMO/DON,451.71,Naypyitaw
2019-03-05,Health and beauty,3,2019-04-04,Produit à date courte - PROMO/DON,277.137,Mandalay
2019-03-15,Home and lifestyle,2,2019-04-29,Produit à date courte - PROMO/DON,69.72,Mandalay
2019-02-17,Electronic accessories,5,2019-05-18,Produit à date courte - PROMO/DON,181.44,Yangon
2019-03-02,Sports and travel,3,2019-05-01,Produit à date courte - PROMO/DON,279.1845,Yangon
2019-03-22,Home and lifestyle,8,2019-05-06,Produit à date courte - PROMO/DON,441.756,Yangon
2019-02-08,Fashion accessories,1,2019-03-10,Produit à date courte - PROMO/DON,35.196,Mandalay
2019-03-10,Fashion accessories,2,2019-04-09,Produit à date courte - PROMO/DON,184.107,Yangon
2019-01-25,Food and beverages,5,2019-02-01,Produit à date courte - PROMO/DON,463.89,Mandalay
2019-03-15,Health and beauty,9,2019-04-14,Produit à date courte - PROMO/DON,235.2105,Yangon
2019-02-25,Fashion accessories,5,2019-03-27,Produit à date courte - PROMO/DON,494.1825,Mandalay
2019-01-28,Sports and travel,9,2019-03-29,Produit à date courte - PROMO/DON,737.7615,Mandalay
2019-01-10,Sports and travel,8,2019-03-11,Produit à date courte - PROMO/DON,703.752,Mandalay
2019-03-15,Health and beauty,2,2019-04-14,Produit à date courte - PROMO/DON,202.818,Yangon
2019-02-06,Food and beverages,4,2019-02-13,Produit à date courte - PROMO/DON,417.564,Naypyitaw
2019-01-07,Sports and travel,1,2019-03-08,Produit à date courte - PROMO/DON,71.526,Naypyitaw
2019-03-10,Sports and travel,5,2019-05-09,Produit à date courte - PROMO/DON,328.755,Yangon
2019-01-15,Electronic accessories,9,2019-04-15,Produit à date courte - PROMO/DON,575.316,Yangon
2019-03-23,Health and beauty,8,2019-04-22,Produit à date courte - PROMO/DON,461.328,Naypyitaw
2019-03-03,Home and lifestyle,8,2019-04-17,Produit à date courte - PROMO/DON,253.008,Mandalay
2019-01-17,Home and lifestyle,1,2019-03-03,Produit à date courte - PROMO/DON,91.056,Mandalay
2019-02-02,Home and lifestyle,2,2019-03-19,Produit à date courte - PROMO/DON,117.831,Naypyitaw
2019-02-08,Sports and travel,6,2019-04-09,Produit à date courte - PROMO/DON,435.456,Mandalay
2019-03-04,Food and beverages,8,2019-03-11,Produit à date courte - PROMO/DON,829.08,Naypyitaw
2019-03-16,Health and beauty,2,2019-04-15,Produit à date courte - PROMO/DON,32.277,Naypyitaw
2019-03-09,Electronic accessories,4,2019-06-07,Produit à date courte - PROMO/DON,394.632,Mandalay
2019-02-27,Health and beauty,9,2019-03-29,Produit à date courte - PROMO/DON,535.7205,Mandalay
2019-02-06,Food and beverages,9,2019-02-13,Produit à date courte - PROMO/DON,189.0945,Mandalay
2019-02-10,Electronic accessories,6,2019-05-11,Produit à date courte - PROMO/DON,119.259,Mandalay
2019-03-19,Fashion accessories,10,2019-04-18,Produit à date courte - PROMO/DON,867.615,Naypyitaw
2019-02-03,Food and beverages,7,2019-02-10,Produit à date courte - PROMO/DON,671.79,Naypyitaw
2019-02-10,Food and beverages,5,2019-02-17,Produit à date courte - PROMO/DON,234.0975,Yangon
2019-03-22,Fashion accessories,4,2019-04-21,Produit à date courte - PROMO/DON,75.054,Mandalay
2019-01-25,Fashion accessories,1,2019-02-24,Produit à date courte - PROMO/DON,16.2015,Naypyitaw
2019-03-07,Home and lifestyle,2,2019-04-21,Produit à date courte - PROMO/DON,33.936,Mandalay
2019-02-28,Electronic accessories,8,2019-05-29,Produit à date courte - PROMO/DON,722.232,Naypyitaw
2019-03-27,Home and lifestyle,2,2019-05-11,Produit à date courte - PROMO/DON,93.114,Yangon
2019-02-07,Health and beauty,8,2019-03-09,Produit à date courte - PROMO/DON,752.64,Yangon
2019-01-20,Home and lifestyle,10,2019-03-06,Produit à date courte - PROMO/DON,759.675,Yangon
2019-03-12,Electronic accessories,6,2019-06-10,Produit à date courte - PROMO/DON,192.843,Naypyitaw
2019-02-15,Sports and travel,3,2019-04-16,Produit à date courte - PROMO/DON,77.931,Naypyitaw
2019-02-24,Home and lifestyle,6,2019-04-10,Produit à date courte - PROMO/DON,351.099,Naypyitaw
2019-02-03,Sports and travel,9,2019-04-04,Produit à date courte - PROMO/DON,520.4115,Mandalay
2019-03-06,Sports and travel,10,2019-05-05,Produit à date courte - PROMO/DON,166.005,Yangon
2019-02-14,Health and beauty,4,2019-03-16,Produit à date courte - PROMO/DON,318.108,Mandalay
2019-03-13,Health and beauty,10,2019-04-12,Produit à date courte - PROMO/DON,166.635,Yangon
2019-02-10,Health and beauty,2,2019-03-12,Produit à date courte - PROMO/DON,70.287,Naypyitaw
2019-01-07,Fashion accessories,6,2019-02-06,Produit à date courte - PROMO/DON,614.943,Mandalay
2019-01-24,Sports and travel,10,2019-03-25,Produit à date courte - PROMO/DON,827.085,Yangon
2019-02-02,Health and beauty,1,2019-03-04,Produit à date courte - PROMO/DON,19.2465,Yangon
2019-01-06,Food and beverages,10,2019-01-13,Produit à date courte - PROMO/DON,939.54,Naypyitaw
2019-02-11,Fashion accessories,10,2019-03-13,Produit à date courte - PROMO/DON,652.26,Naypyitaw
2019-03-05,Food and beverages,3,2019-03-12,Produit à date courte - PROMO/DON,152.838,Mandalay
2019-03-09,Electronic accessories,6,2019-06-07,Produit à date courte - PROMO/DON,478.233,Naypyitaw
2019-01-22,Home and lifestyle,9,2019-03-08,Produit à date courte - PROMO/DON,705.6315,Yangon
2019-01-13,Electronic accessories,10,2019-04-13,Produit à date courte - PROMO/DON,437.325,Naypyitaw
2019-01-09,Fashion accessories,9,2019-02-08,Produit à date courte - PROMO/DON,463.428,Naypyitaw
2019-01-12,Fashion accessories,9,2019-02-11,Produit à date courte - PROMO/DON,189.0945,Yangon
2019-03-05,Food and beverages,10,2019-03-12,Produit à date courte - PROMO/DON,822.255,Naypyitaw
2019-01-22,Health and beauty,5,2019-02-21,Produit à date courte - PROMO/DON,106.995,Naypyitaw
2019-01-21,Health and beauty,6,2019-02-20,Produit à date courte - PROMO/DON,624.897,Naypyitaw
2019-01-26,Food and beverages,3,2019-02-02,Produit à date courte - PROMO/DON,304.542,Mandalay
2019-01-23,Food and beverages,8,2019-01-30,Produit à date courte - PROMO/DON,161.7,Naypyitaw
2019-02-23,Food and beverages,4,2019-03-02,Produit à date courte - PROMO/DON,337.512,Naypyitaw
2019-03-09,Sports and travel,5,2019-05-08,Produit à date courte - PROMO/DON,256.7775,Naypyitaw
2019-03-05,Sports and travel,7,2019-05-04,Produit à date courte - PROMO/DON,610.491,Naypyitaw
2019-03-25,Fashion accessories,5,2019-04-24,Produit à date courte - PROMO/DON,401.73,Naypyitaw
2019-03-27,Food and beverages,7,2019-04-03,Produit à date courte - PROMO/DON,362.943,Yangon
2019-01-02,Sports and travel,1,2019-03-03,Produit à date courte - PROMO/DON,44.5935,Yangon
2019-02-27,Health and beauty,6,2019-03-29,Produit à date courte - PROMO/DON,485.037,Mandalay
2019-01-23,Home and lifestyle,4,2019-03-09,Produit à date courte - PROMO/DON,198.996,Naypyitaw
2019-01-26,Sports and travel,10,2019-03-27,Produit à date courte - PROMO/DON,471.03,Naypyitaw
2019-01-10,Sports and travel,7,2019-03-11,Produit à date courte - PROMO/DON,161.553,Yangon
2019-03-12,Health and beauty,9,2019-04-11,Produit à date courte - PROMO/DON,608.202,Mandalay
2019-02-06,Health and beauty,1,2019-03-08,Produit à date courte - PROMO/DON,94.2375,Naypyitaw
2019-03-08,Electronic accessories,1,2019-06-06,Produit à date courte - PROMO/DON,102.018,Yangon
2019-03-29,Health and beauty,10,2019-04-28,Produit à date courte - PROMO/DON,922.635,Mandalay
2019-02-09,Electronic accessories,6,2019-05-10,Produit à date courte - PROMO/DON,78.435,Naypyitaw
2019-03-23,Food and beverages,3,2019-03-30,Produit à date courte - PROMO/DON,166.1625,Yangon
2019-03-05,Home and lifestyle,6,2019-04-19,Produit à date courte - PROMO/DON,521.01,Mandalay
2019-03-26,Fashion accessories,1,2019-04-25,Produit à date courte - PROMO/DON,51.1455,Naypyitaw
2019-03-01,Fashion accessories,9,2019-03-31,Produit à date courte - PROMO/DON,742.2975,Naypyitaw
2019-02-01,Electronic accessories,9,2019-05-02,Produit à date courte - PROMO/DON,218.0115,Naypyitaw
2019-03-28,Food and beverages,6,2019-04-04,Produit à date courte - PROMO/DON,367.038,Yangon
2019-03-19,Health and beauty,7,2019-04-18,Produit à date courte - PROMO/DON,223.0725,Mandalay
2019-01-12,Electronic accessories,10,2019-04-12,Produit à date courte - PROMO/DON,931.035,Yangon
2019-01-05,Fashion accessories,6,2019-02-04,Produit à date courte - PROMO/DON,172.494,Naypyitaw
2019-03-22,Sports and travel,6,2019-05-21,Produit à date courte - PROMO/DON,391.419,Yangon
2019-03-24,Food and beverages,9,2019-03-31,Produit à date courte - PROMO/DON,321.111,Naypyitaw
2019-03-03,Electronic accessories,10,2019-06-01,Produit à date courte - PROMO/DON,860.685,Naypyitaw
2019-02-05,Sports and travel,2,2019-04-06,Produit à date courte - PROMO/DON,34.629,Mandalay
2019-02-05,Health and beauty,3,2019-03-07,Produit à date courte - PROMO/DON,309.3615,Naypyitaw
2019-02-15,Fashion accessories,7,2019-03-17,Produit à date courte - PROMO/DON,535.374,Mandalay
2019-01-19,Home and lifestyle,9,2019-03-05,Produit à date courte - PROMO/DON,548.7615,Yangon
2019-02-01,Home and lifestyle,9,2019-03-18,Produit à date courte - PROMO/DON,763.4655,Naypyitaw
2019-03-02,Fashion accessories,3,2019-04-01,Produit à date courte - PROMO/DON,85.113,Naypyitaw
2019-03-05,Fashion accessories,5,2019-04-04,Produit à date courte - PROMO/DON,115.185,Mandalay
2019-01-16,Fashion accessories,1,2019-02-15,Produit à date courte - PROMO/DON,53.928,Mandalay
2019-02-02,Food and beverages,10,2019-02-09,Produit à date courte - PROMO/DON,115.08,Yangon
2019-01-20,Home and lifestyle,2,2019-03-06,Produit à date courte - PROMO/DON,112.224,Mandalay
2019-02-14,Electronic accessories,8,2019-05-15,Produit à date courte - PROMO/DON,836.304,Yangon
2019-01-12,Sports and travel,7,2019-03-13,Produit à date courte - PROMO/DON,419.832,Naypyitaw
2019-03-09,Sports and travel,9,2019-05-08,Produit à date courte - PROMO/DON,944.622,Mandalay
2019-03-13,Home and lifestyle,8,2019-04-27,Produit à date courte - PROMO/DON,536.844,Naypyitaw
2019-03-09,Fashion accessories,8,2019-04-08,Produit à date courte - PROMO/DON,474.348,Mandalay
2019-03-10,Home and lifestyle,7,2019-04-24,Produit à date courte - PROMO/DON,688.6215,Yangon
2019-01-27,Sports and travel,5,2019-03-28,Produit à date courte - PROMO/DON,169.3125,Yangon
2019-01-08,Fashion accessories,9,2019-02-07,Produit à date courte - PROMO/DON,299.8485,Naypyitaw
2019-01-08,Food and beverages,8,2019-01-15,Produit à date courte - PROMO/DON,575.736,Naypyitaw
2019-02-08,Sports and travel,9,2019-04-09,Produit à date courte - PROMO/DON,853.146,Mandalay
2019-01-25,Fashion accessories,7,2019-02-24,Produit à date courte - PROMO/DON,291.207,Mandalay
2019-03-06,Sports and travel,6,2019-05-05,Produit à date courte - PROMO/DON,580.419,Yangon
2019-02-10,Sports and travel,4,2019-04-11,Produit à date courte - PROMO/DON,146.328,Mandalay
2019-02-17,Electronic accessories,6,2019-05-18,Produit à date courte - PROMO/DON,550.935,Mandalay
2019-03-08,Health and beauty,6,2019-04-07,Produit à date courte - PROMO/DON,512.19,Naypyitaw
2019-02-18,Fashion accessories,3,2019-03-20,Produit à date courte - PROMO/DON,284.193,Naypyitaw
2019-01-18,Electronic accessories,5,2019-04-18,Produit à date courte - PROMO/DON,138.1275,Yangon
2019-02-18,Home and lifestyle,6,2019-04-04,Produit à date courte - PROMO/DON,216.846,Yangon
2019-02-16,Sports and travel,10,2019-04-17,Produit à date courte - PROMO/DON,545.055,Mandalay
2019-03-16,Sports and travel,8,2019-05-15,Produit à date courte - PROMO/DON,609.0,Yangon
2019-01-23,Sports and travel,10,2019-03-24,Produit à date courte - PROMO/DON,942.9,Naypyitaw
2019-01-25,Health and beauty,10,2019-02-24,Produit à date courte - PROMO/DON,950.25,Naypyitaw
2019-02-05,Health and beauty,10,2019-03-07,Produit à date courte - PROMO/DON,720.3,Naypyitaw
2019-02-22,Food and beverages,1,2019-03-01,Produit à date courte - PROMO/DON,31.9305,Naypyitaw
2019-01-21,Home and lifestyle,6,2019-03-07,Produit à date courte - PROMO/DON,491.085,Yangon
2019-03-08,Health and beauty,6,2019-04-07,Produit à date courte - PROMO/DON,291.438,Naypyitaw
2019-02-10,Fashion accessories,10,2019-03-12,Produit à date courte - PROMO/DON,316.47,Yangon
2019-03-19,Health and beauty,4,2019-04-18,Produit à date courte - PROMO/DON,277.788,Naypyitaw
2019-03-06,Home and lifestyle,8,2019-04-20,Produit à date courte - PROMO/DON,603.624,Mandalay
2019-03-27,Health and beauty,8,2019-04-26,Produit à date courte - PROMO/DON,272.664,Yangon
2019-03-23,Fashion accessories,4,2019-04-22,Produit à date courte - PROMO/DON,384.468,Mandalay
2019-03-11,Sports and travel,7,2019-05-10,Produit à date courte - PROMO/DON,254.016,Naypyitaw
2019-01-29,Fashion accessories,9,2019-02-28,Produit à date courte - PROMO/DON,786.618,Yangon
2019-02-07,Food and beverages,6,2019-02-14,Produit à date courte - PROMO/DON,103.824,Naypyitaw
2019-01-28,Sports and travel,8,2019-03-29,Produit à date courte - PROMO/DON,680.148,Naypyitaw
2019-02-20,Food and beverages,5,2019-02-27,Produit à date courte - PROMO/DON,484.5225,Yangon
2019-01-04,Electronic accessories,1,2019-04-04,Produit à date courte - PROMO/DON,75.7785,Mandalay
2019-03-07,Home and lifestyle,5,2019-04-21,Produit à date courte - PROMO/DON,263.97,Mandalay
2019-03-30,Health and beauty,9,2019-04-29,Produit à date courte - PROMO/DON,918.729,Mandalay
2019-03-27,Sports and travel,6,2019-05-26,Produit à date courte - PROMO/DON,588.357,Mandalay
2019-01-19,Food and beverages,8,2019-01-26,Produit à date courte - PROMO/DON,362.712,Naypyitaw
2019-02-25,Sports and travel,1,2019-04-26,Produit à date courte - PROMO/DON,66.8745,Yangon
2019-03-13,Food and beverages,7,2019-03-20,Produit à date courte - PROMO/DON,336.5565,Yangon
2019-01-30,Sports and travel,2,2019-03-31,Produit à date courte - PROMO/DON,160.44,Naypyitaw
2019-02-20,Food and beverages,10,2019-02-27,Produit à date courte - PROMO/DON,418.95,Mandalay
2019-02-25,Health and beauty,8,2019-03-27,Produit à date courte - PROMO/DON,357.588,Mandalay
2019-01-16,Home and lifestyle,10,2019-03-02,Produit à date courte - PROMO/DON,1003.59,Naypyitaw
2019-02-08,Fashion accessories,10,2019-03-10,Produit à date courte - PROMO/DON,1039.29,Yangon
2019-01-19,Food and beverages,6,2019-01-26,Produit à date courte - PROMO/DON,323.064,Yangon
2019-02-01,Sports and travel,7,2019-04-02,Produit à date courte - PROMO/DON,510.972,Yangon
2019-01-03,Health and beauty,5,2019-02-02,Produit à date courte - PROMO/DON,367.5525,Yangon
2019-01-26,Food and beverages,5,2019-02-02,Produit à date courte - PROMO/DON,420.2625,Mandalay
2019-03-03,Electronic accessories,8,2019-06-01,Produit à date courte - PROMO/DON,175.14,Naypyitaw
2019-01-19,Electronic accessories,6,2019-04-19,Produit à date courte - PROMO/DON,333.207,Mandalay
2019-01-18,Food and beverages,8,2019-01-25,Produit à date courte - PROMO/DON,166.236,Mandalay
2019-03-21,Home and lifestyle,9,2019-05-05,Produit à date courte - PROMO/DON,319.788,Yangon
2019-03-03,Food and beverages,8,2019-03-10,Produit à date courte - PROMO/DON,186.228,Yangon
2019-02-13,Fashion accessories,7,2019-03-15,Produit à date courte - PROMO/DON,165.4485,Naypyitaw
2019-03-23,Food and beverages,6,2019-03-30,Produit à date courte - PROMO/DON,465.444,Yangon
2019-01-28,Health and beauty,3,2019-02-27,Produit à date courte - PROMO/DON,273.42,Naypyitaw
2019-02-09,Fashion accessories,7,2019-03-11,Produit à date courte - PROMO/DON,472.311,Naypyitaw
2019-01-23,Food and beverages,8,2019-01-30,Produit à date courte - PROMO/DON,323.148,Naypyitaw
2019-03-23,Sports and travel,10,2019-05-22,Produit à date courte - PROMO/DON,162.75,Yangon
2019-01-25,Health and beauty,8,2019-02-24,Produit à date courte - PROMO/DON,288.204,Naypyitaw
2019-03-04,Sports and travel,7,2019-05-03,Produit à date courte - PROMO/DON,90.699,Yangon
2019-03-05,Food and beverages,3,2019-03-12,Produit à date courte - PROMO/DON,56.952,Mandalay
2019-03-03,Home and lifestyle,8,2019-04-17,Produit à date courte - PROMO/DON,793.716,Mandalay
2019-02-08,Home and lifestyle,4,2019-03-25,Produit à date courte - PROMO/DON,195.174,Mandalay
2019-02-10,Home and lifestyle,1,2019-03-27,Produit à date courte - PROMO/DON,77.7735,Yangon
2019-01-28,Home and lifestyle,4,2019-03-14,Produit à date courte - PROMO/DON,293.202,Naypyitaw
2019-02-11,Home and lifestyle,3,2019-03-28,Produit à date courte - PROMO/DON,242.676,Mandalay
2019-01-15,Fashion accessories,2,2019-02-14,Produit à date courte - PROMO/DON,154.392,Mandalay
2019-03-16,Food and beverages,9,2019-03-23,Produit à date courte - PROMO/DON,829.71,Naypyitaw
2019-01-26,Home and lifestyle,4,2019-03-12,Produit à date courte - PROMO/DON,107.31,Mandalay
2019-03-19,Electronic accessories,5,2019-06-17,Produit à date courte - PROMO/DON,171.7275,Yangon
2019-01-13,Fashion accessories,1,2019-02-12,Produit à date courte - PROMO/DON,78.0045,Naypyitaw
2019-03-26,Health and beauty,2,2019-04-25,Produit à date courte - PROMO/DON,91.77,Naypyitaw
2019-03-23,Home and lifestyle,1,2019-05-07,Produit à date courte - PROMO/DON,26.5545,Yangon
2019-03-12,Health and beauty,4,2019-04-11,Produit à date courte - PROMO/DON,174.3,Naypyitaw
2019-02-17,Food and beverages,5,2019-02-24,Produit à date courte - PROMO/DON,374.7975,Naypyitaw
2019-01-29,Sports and travel,6,2019-03-30,Produit à date courte - PROMO/DON,120.645,Naypyitaw
2019-03-15,Electronic accessories,4,2019-06-13,Produit à date courte - PROMO/DON,241.458,Mandalay
2019-01-14,Electronic accessories,7,2019-04-14,Produit à date courte - PROMO/DON,451.3635,Naypyitaw
2019-02-06,Health and beauty,10,2019-03-08,Produit à date courte - PROMO/DON,271.95,Mandalay
2019-02-15,Home and lifestyle,5,2019-04-01,Produit à date courte - PROMO/DON,93.2925,Mandalay
2019-01-03,Health and beauty,9,2019-02-02,Produit à date courte - PROMO/DON,217.6335,Yangon
2019-01-04,Electronic accessories,9,2019-04-04,Produit à date courte - PROMO/DON,629.8425,Naypyitaw
2019-03-18,Home and lifestyle,10,2019-05-02,Produit à date courte - PROMO/DON,299.565,Naypyitaw
2019-03-28,Fashion accessories,3,2019-04-27,Produit à date courte - PROMO/DON,95.6655,Mandalay
2019-03-02,Electronic accessories,9,2019-05-31,Produit à date courte - PROMO/DON,942.4485,Mandalay
2019-01-25,Electronic accessories,9,2019-04-25,Produit à date courte - PROMO/DON,247.8735,Yangon
2019-01-16,Food and beverages,9,2019-01-23,Produit à date courte - PROMO/DON,881.307,Naypyitaw
2019-03-20,Home and lifestyle,5,2019-05-04,Produit à date courte - PROMO/DON,484.89,Mandalay
2019-01-04,Sports and travel,3,2019-03-05,Produit à date courte - PROMO/DON,146.223,Mandalay
2019-03-11,Sports and travel,7,2019-05-10,Produit à date courte - PROMO/DON,217.6335,Mandalay
2019-03-22,Home and lifestyle,1,2019-05-06,Produit à date courte - PROMO/DON,19.194,Yangon
2019-03-24,Sports and travel,5,2019-05-23,Produit à date courte - PROMO/DON,130.0425,Mandalay
2019-02-21,Electronic accessories,3,2019-05-22,Produit à date courte - PROMO/DON,298.116,Yangon
2019-02-12,Fashion accessories,8,2019-03-14,Produit à date courte - PROMO/DON,796.908,Mandalay
2019-03-10,Food and beverages,3,2019-03-17,Produit à date courte - PROMO/DON,180.621,Mandalay
2019-01-31,Electronic accessories,6,2019-05-01,Produit à date courte - PROMO/DON,285.705,Mandalay
2019-03-06,Food and beverages,7,2019-03-13,Produit à date courte - PROMO/DON,456.288,Mandalay
2019-02-17,Electronic accessories,5,2019-05-18,Produit à date courte - PROMO/DON,62.0025,Naypyitaw
2019-02-21,Fashion accessories,1,2019-03-23,Produit à date courte - PROMO/DON,13.167,Naypyitaw
2019-03-20,Food and beverages,2,2019-03-27,Produit à date courte - PROMO/DON,90.825,Yangon
2019-01-11,Sports and travel,2,2019-03-12,Produit à date courte - PROMO/DON,183.036,Naypyitaw
2019-01-26,Health and beauty,9,2019-02-25,Produit à date courte - PROMO/DON,655.5465,Mandalay
2019-01-31,Electronic accessories,4,2019-05-01,Produit à date courte - PROMO/DON,155.652,Naypyitaw
2019-02-26,Electronic accessories,6,2019-05-27,Produit à date courte - PROMO/DON,571.41,Mandalay
2019-03-11,Home and lifestyle,8,2019-04-25,Produit à date courte - PROMO/DON,532.728,Yangon
2019-01-26,Fashion accessories,2,2019-02-25,Produit à date courte - PROMO/DON,170.877,Mandalay
2019-03-12,Electronic accessories,3,2019-06-10,Produit à date courte - PROMO/DON,33.3585,Mandalay
2019-02-11,Health and beauty,9,2019-03-13,Produit à date courte - PROMO/DON,794.6505,Mandalay
2019-02-21,Fashion accessories,4,2019-03-23,Produit à date courte - PROMO/DON,310.044,Mandalay
2019-03-09,Health and beauty,10,2019-04-08,Produit à date courte - PROMO/DON,545.37,Yangon
2019-01-20,Sports and travel,2,2019-03-21,Produit à date courte - PROMO/DON,195.594,Yangon
2019-01-28,Health and beauty,5,2019-02-27,Produit à date courte - PROMO/DON,91.4025,Naypyitaw
2019-03-05,Fashion accessories,5,2019-04-04,Produit à date courte - PROMO/DON,232.155,Naypyitaw
2019-03-02,Electronic accessories,5,2019-05-31,Produit à date courte - PROMO/DON,69.405,Mandalay
2019-01-11,Fashion accessories,1,2019-02-10,Produit à date courte - PROMO/DON,94.1745,Yangon
2019-01-11,Food and beverages,9,2019-01-18,Produit à date courte - PROMO/DON,235.683,Yangon
2019-03-11,Health and beauty,2,2019-04-10,Produit à date courte - PROMO/DON,125.517,Yangon
2019-02-28,Fashion accessories,2,2019-03-30,Produit à date courte - PROMO/DON,195.72,Naypyitaw
2019-01-05,Home and lifestyle,4,2019-02-19,Produit à date courte - PROMO/DON,263.13,Yangon
2019-02-02,Home and lifestyle,8,2019-03-19,Produit à date courte - PROMO/DON,788.508,Mandalay
2019-01-01,Home and lifestyle,8,2019-02-15,Produit à date courte - PROMO/DON,399.756,Yangon
2019-02-09,Electronic accessories,3,2019-05-10,Produit à date courte - PROMO/DON,256.41,Mandalay
2019-01-23,Fashion accessories,5,2019-02-22,Produit à date courte - PROMO/DON,94.185,Yangon
2019-01-07,Electronic accessories,4,2019-04-07,Produit à date courte - PROMO/DON,326.424,Yangon
2019-01-14,Food and beverages,7,2019-01-21,Produit à date courte - PROMO/DON,536.991,Mandalay
2019-02-02,Food and beverages,9,2019-02-09,Produit à date courte - PROMO/DON,439.8975,Mandalay
2019-03-17,Fashion accessories,10,2019-04-16,Produit à date courte - PROMO/DON,369.495,Naypyitaw
2019-03-02,Sports and travel,2,2019-05-01,Produit à date courte - PROMO/DON,30.219,Naypyitaw
2019-03-16,Home and lifestyle,4,2019-04-30,Produit à date courte - PROMO/DON,99.75,Yangon
2019-01-06,Home and lifestyle,8,2019-02-20,Produit à date courte - PROMO/DON,494.76,Yangon
2019-01-29,Fashion accessories,4,2019-02-28,Produit à date courte - PROMO/DON,137.004,Mandalay
2019-01-31,Electronic accessories,1,2019-05-01,Produit à date courte - PROMO/DON,69.6675,Yangon
2019-02-05,Home and lifestyle,6,2019-03-22,Produit à date courte - PROMO/DON,163.233,Yangon
2019-02-13,Electronic accessories,4,2019-05-14,Produit à date courte - PROMO/DON,135.45,Yangon
2019-02-07,Electronic accessories,4,2019-05-08,Produit à date courte - PROMO/DON,276.948,Naypyitaw
2019-03-19,Electronic accessories,9,2019-06-17,Produit à date courte - PROMO/DON,709.317,Yangon
2019-03-07,Fashion accessories,4,2019-04-06,Produit à date courte - PROMO/DON,69.09,Naypyitaw
2019-03-13,Fashion accessories,4,2019-04-12,Produit à date courte - PROMO/DON,160.86,Mandalay
2019-02-09,Sports and travel,10,2019-04-10,Produit à date courte - PROMO/DON,233.52,Yangon
2019-02-26,Sports and travel,1,2019-04-27,Produit à date courte - PROMO/DON,57.1725,Mandalay
2019-03-12,Sports and travel,7,2019-05-11,Produit à date courte - PROMO/DON,723.24,Yangon
2019-03-14,Home and lifestyle,4,2019-04-28,Produit à date courte - PROMO/DON,148.974,Naypyitaw
2019-01-08,Food and beverages,10,2019-01-15,Produit à date courte - PROMO/DON,783.3,Mandalay
2019-01-05,Home and lifestyle,4,2019-02-19,Produit à date courte - PROMO/DON,297.108,Yangon
2019-01-04,Home and lifestyle,10,2019-02-18,Produit à date courte - PROMO/DON,373.17,Yangon
2019-03-06,Sports and travel,5,2019-05-05,Produit à date courte - PROMO/DON,354.0075,Mandalay
2019-01-03,Health and beauty,2,2019-02-02,Produit à date courte - PROMO/DON,44.352,Naypyitaw
2019-01-07,Home and lifestyle,9,2019-02-21,Produit à date courte - PROMO/DON,203.553,Yangon
2019-01-27,Home and lifestyle,2,2019-03-13,Produit à date courte - PROMO/DON,25.263,Yangon
2019-02-26,Health and beauty,6,2019-03-28,Produit à date courte - PROMO/DON,628.173,Mandalay
2019-01-07,Fashion accessories,7,2019-02-06,Produit à date courte - PROMO/DON,352.5795,Mandalay
2019-01-07,Home and lifestyle,10,2019-02-21,Produit à date courte - PROMO/DON,229.11,Naypyitaw
2019-02-02,Fashion accessories,4,2019-03-04,Produit à date courte - PROMO/DON,400.764,Naypyitaw
2019-03-20,Fashion accessories,10,2019-04-19,Produit à date courte - PROMO/DON,745.395,Naypyitaw
2019-03-20,Sports and travel,10,2019-05-19,Produit à date courte - PROMO/DON,462.21,Yangon
2019-02-15,Home and lifestyle,8,2019-04-01,Produit à date courte - PROMO/DON,587.664,Yangon
2019-03-06,Home and lifestyle,1,2019-04-20,Produit à date courte - PROMO/DON,38.85,Naypyitaw
2019-01-06,Sports and travel,1,2019-03-07,Produit à date courte - PROMO/DON,16.107,Yangon
2019-03-04,Health and beauty,6,2019-04-03,Produit à date courte - PROMO/DON,628.929,Yangon
2019-03-12,Health and beauty,4,2019-04-11,Produit à date courte - PROMO/DON,200.214,Yangon
2019-02-20,Health and beauty,5,2019-03-22,Produit à date courte - PROMO/DON,350.07,Mandalay
2019-03-24,Home and lifestyle,1,2019-05-08,Produit à date courte - PROMO/DON,78.603,Naypyitaw
2019-01-31,Sports and travel,9,2019-04-01,Produit à date courte - PROMO/DON,224.4375,Naypyitaw
2019-01-25,Food and beverages,7,2019-02-01,Produit à date courte - PROMO/DON,356.5485,Mandalay
2019-02-03,Home and lifestyle,7,2019-03-20,Produit à date courte - PROMO/DON,697.368,Yangon
2019-01-24,Electronic accessories,10,2019-04-24,Produit à date courte - PROMO/DON,423.15,Mandalay
2019-03-14,Electronic accessories,7,2019-06-12,Produit à date courte - PROMO/DON,204.6975,Naypyitaw
2019-02-18,Electronic accessories,1,2019-05-19,Produit à date courte - PROMO/DON,65.604,Yangon
2019-01-21,Food and beverages,2,2019-01-28,Produit à date courte - PROMO/DON,76.356,Yangon
2019-03-13,Health and beauty,10,2019-04-12,Produit à date courte - PROMO/DON,190.155,Mandalay
2019-03-03,Electronic accessories,5,2019-06-01,Produit à date courte - PROMO/DON,272.58,Naypyitaw
2019-03-29,Electronic accessories,4,2019-06-27,Produit à date courte - PROMO/DON,121.128,Naypyitaw
2019-01-10,Home and lifestyle,6,2019-02-24,Produit à date courte - PROMO/DON,493.794,Yangon
2019-01-25,Home and lifestyle,4,2019-03-11,Produit à date courte - PROMO/DON,252.042,Yangon
2019-01-19,Home and lifestyle,1,2019-03-05,Produit à date courte - PROMO/DON,93.0405,Naypyitaw
2019-01-02,Fashion accessories,2,2019-02-01,Produit à date courte - PROMO/DON,209.622,Naypyitaw
2019-03-12,Health and beauty,1,2019-04-11,Produit à date courte - PROMO/DON,40.9605,Mandalay
2019-02-25,Food and beverages,1,2019-03-04,Produit à date courte - PROMO/DON,51.0405,Naypyitaw
2019-03-18,Electronic accessories,4,2019-06-16,Produit à date courte - PROMO/DON,214.998,Yangon
2019-02-23,Electronic accessories,8,2019-05-24,Produit à date courte - PROMO/DON,125.664,Mandalay
2019-03-26,Electronic accessories,7,2019-06-24,Produit à date courte - PROMO/DON,530.67,Yangon
2019-03-30,Sports and travel,7,2019-05-29,Produit à date courte - PROMO/DON,295.6905,Yangon
2019-02-17,Home and lifestyle,8,2019-04-03,Produit à date courte - PROMO/DON,745.836,Yangon
2019-03-21,Electronic accessories,3,2019-06-19,Produit à date courte - PROMO/DON,83.412,Yangon
2019-03-05,Fashion accessories,2,2019-04-04,Produit à date courte - PROMO/DON,172.011,Yangon
2019-01-31,Sports and travel,6,2019-04-01,Produit à date courte - PROMO/DON,503.559,Mandalay
2019-02-05,Fashion accessories,2,2019-03-07,Produit à date courte - PROMO/DON,145.593,Naypyitaw
2019-02-01,Food and beverages,5,2019-02-08,Produit à date courte - PROMO/DON,74.7075,Yangon
2019-03-07,Health and beauty,9,2019-04-06,Produit à date courte - PROMO/DON,146.9475,Yangon
2019-02-10,Electronic accessories,10,2019-05-11,Produit à date courte - PROMO/DON,820.365,Naypyitaw
2019-02-14,Food and beverages,2,2019-02-21,Produit à date courte - PROMO/DON,208.677,Naypyitaw
2019-02-09,Food and beverages,3,2019-02-16,Produit à date courte - PROMO/DON,66.402,Naypyitaw
2019-01-10,Electronic accessories,5,2019-04-10,Produit à date courte - PROMO/DON,392.6475,Naypyitaw
2019-03-11,Health and beauty,7,2019-04-10,Produit à date courte - PROMO/DON,218.0745,Naypyitaw
2019-02-18,Health and beauty,4,2019-03-20,Produit à date courte - PROMO/DON,185.094,Naypyitaw
2019-02-26,Food and beverages,9,2019-03-05,Produit à date courte - PROMO/DON,216.6885,Naypyitaw
2019-01-18,Health and beauty,1,2019-02-17,Produit à date courte - PROMO/DON,41.391,Naypyitaw
2019-02-15,Health and beauty,6,2019-03-17,Produit à date courte - PROMO/DON,96.138,Yangon
2019-03-08,Fashion accessories,5,2019-04-07,Produit à date courte - PROMO/DON,324.2925,Yangon
2019-01-17,Home and lifestyle,6,2019-03-03,Produit à date courte - PROMO/DON,135.576,Yangon
2019-03-12,Sports and travel,4,2019-05-11,Produit à date courte - PROMO/DON,410.508,Mandalay
2019-03-09,Food and beverages,5,2019-03-16,Produit à date courte - PROMO/DON,523.845,Yangon
2019-03-12,Food and beverages,4,2019-03-19,Produit à date courte - PROMO/DON,395.892,Naypyitaw
2019-01-25,Health and beauty,4,2019-02-24,Produit à date courte - PROMO/DON,214.746,Mandalay
2019-03-25,Electronic accessories,4,2019-06-23,Produit à date courte - PROMO/DON,152.712,Yangon
2019-02-07,Home and lifestyle,9,2019-03-24,Produit à date courte - PROMO/DON,208.089,Mandalay
2019-02-17,Food and beverages,3,2019-02-24,Produit à date courte - PROMO/DON,103.635,Yangon
2019-02-03,Fashion accessories,5,2019-03-05,Produit à date courte - PROMO/DON,404.355,Yangon
2019-03-14,Food and beverages,2,2019-03-21,Produit à date courte - PROMO/DON,49.308,Yangon
2019-03-24,Sports and travel,5,2019-05-23,Produit à date courte - PROMO/DON,77.175,Naypyitaw
2019-03-21,Electronic accessories,5,2019-06-19,Produit à date courte - PROMO/DON,149.3625,Yangon
2019-03-19,Fashion accessories,9,2019-04-18,Produit à date courte - PROMO/DON,721.98,Yangon
2019-02-24,Sports and travel,6,2019-04-25,Produit à date courte - PROMO/DON,365.085,Mandalay
2019-03-28,Electronic accessories,3,2019-06-26,Produit à date courte - PROMO/DON,150.0975,Naypyitaw
2019-02-05,Food and beverages,9,2019-02-12,Produit à date courte - PROMO/DON,404.649,Mandalay
2019-02-10,Electronic accessories,3,2019-05-11,Produit à date courte - PROMO/DON,151.4835,Mandalay
2019-03-05,Health and beauty,7,2019-04-04,Produit à date courte - PROMO/DON,411.3795,Mandalay
2019-02-15,Health and beauty,7,2019-03-17,Produit à date courte - PROMO/DON,565.215,Mandalay
2019-01-30,Food and beverages,5,2019-02-06,Produit à date courte - PROMO/DON,509.4075,Naypyitaw
2019-02-14,Sports and travel,3,2019-04-15,Produit à date courte - PROMO/DON,140.6475,Yangon
2019-02-27,Fashion accessories,9,2019-03-29,Produit à date courte - PROMO/DON,736.4385,Yangon
2019-02-04,Electronic accessories,1,2019-05-05,Produit à date courte - PROMO/DON,75.5475,Yangon
2019-01-20,Home and lifestyle,8,2019-03-06,Produit à date courte - PROMO/DON,749.7,Naypyitaw
2019-03-28,Electronic accessories,7,2019-06-26,Produit à date courte - PROMO/DON,191.247,Yangon
2019-02-27,Health and beauty,10,2019-03-29,Produit à date courte - PROMO/DON,141.75,Mandalay
2019-02-15,Fashion accessories,10,2019-03-17,Produit à date courte - PROMO/DON,1042.65,Naypyitaw
2019-01-26,Electronic accessories,7,2019-04-26,Produit à date courte - PROMO/DON,379.9215,Yangon
2019-03-14,Fashion accessories,7,2019-04-13,Produit à date courte - PROMO/DON,402.2655,Mandalay
2019-03-02,Home and lifestyle,9,2019-04-16,Produit à date courte - PROMO/DON,255.15,Mandalay
2019-03-04,Electronic accessories,1,2019-06-02,Produit à date courte - PROMO/DON,31.752,Naypyitaw
2019-01-07,Food and beverages,4,2019-01-14,Produit à date courte - PROMO/DON,374.388,Mandalay
2019-03-08,Fashion accessories,10,2019-04-07,Produit à date courte - PROMO/DON,394.275,Naypyitaw
2019-01-09,Sports and travel,10,2019-03-10,Produit à date courte - PROMO/DON,1002.12,Naypyitaw
2019-03-01,Electronic accessories,3,2019-05-30,Produit à date courte - PROMO/DON,86.625,Mandalay
2019-03-16,Sports and travel,1,2019-05-15,Produit à date courte - PROMO/DON,78.7185,Mandalay
2019-02-17,Food and beverages,8,2019-02-24,Produit à date courte - PROMO/DON,680.064,Yangon
2019-02-27,Food and beverages,8,2019-03-06,Produit à date courte - PROMO/DON,793.548,Naypyitaw
2019-03-07,Food and beverages,2,2019-03-14,Produit à date courte - PROMO/DON,209.559,Naypyitaw
2019-01-21,Home and lifestyle,6,2019-03-07,Produit à date courte - PROMO/DON,461.286,Yangon
2019-02-19,Food and beverages,4,2019-02-26,Produit à date courte - PROMO/DON,173.208,Naypyitaw
2019-01-06,Fashion accessories,4,2019-02-05,Produit à date courte - PROMO/DON,343.056,Naypyitaw
2019-03-14,Electronic accessories,9,2019-06-12,Produit à date courte - PROMO/DON,484.974,Naypyitaw
2019-03-24,Home and lifestyle,4,2019-05-08,Produit à date courte - PROMO/DON,276.948,Yangon
2019-01-27,Sports and travel,10,2019-03-28,Produit à date courte - PROMO/DON,150.78,Naypyitaw
2019-03-06,Electronic accessories,9,2019-06-04,Produit à date courte - PROMO/DON,203.175,Yangon
2019-02-02,Electronic accessories,7,2019-05-03,Produit à date courte - PROMO/DON,193.011,Mandalay
2019-01-25,Fashion accessories,2,2019-02-24,Produit à date courte - PROMO/DON,128.016,Mandalay
2019-03-14,Home and lifestyle,6,2019-04-28,Produit à date courte - PROMO/DON,441.693,Naypyitaw
2019-01-29,Fashion accessories,6,2019-02-28,Produit à date courte - PROMO/DON,265.104,Naypyitaw
2019-01-03,Home and lifestyle,5,2019-02-17,Produit à date courte - PROMO/DON,352.2225,Yangon
2019-01-14,Fashion accessories,5,2019-02-13,Produit à date courte - PROMO/DON,507.675,Yangon
2019-01-05,Home and lifestyle,9,2019-02-19,Produit à date courte - PROMO/DON,334.341,Mandalay
2019-02-22,Sports and travel,7,2019-04-23,Produit à date courte - PROMO/DON,701.8515,Naypyitaw
2019-02-06,Fashion accessories,4,2019-03-08,Produit à date courte - PROMO/DON,407.316,Naypyitaw
2019-01-30,Electronic accessories,4,2019-04-30,Produit à date courte - PROMO/DON,99.33,Mandalay
2019-01-11,Sports and travel,4,2019-03-12,Produit à date courte - PROMO/DON,345.786,Yangon
2019-03-19,Electronic accessories,2,2019-06-17,Produit à date courte - PROMO/DON,55.881,Naypyitaw
2019-01-14,Food and beverages,5,2019-01-21,Produit à date courte - PROMO/DON,523.3725,Mandalay
2019-03-01,Food and beverages,4,2019-03-08,Produit à date courte - PROMO/DON,314.538,Naypyitaw
2019-01-06,Food and beverages,5,2019-01-13,Produit à date courte - PROMO/DON,214.935,Yangon
2019-01-31,Sports and travel,1,2019-04-01,Produit à date courte - PROMO/DON,79.611,Mandalay
2019-03-11,Food and beverages,6,2019-03-18,Produit à date courte - PROMO/DON,294.651,Naypyitaw
2019-02-20,Health and beauty,10,2019-03-22,Produit à date courte - PROMO/DON,339.36,Yangon
2019-01-27,Fashion accessories,9,2019-02-26,Produit à date courte - PROMO/DON,510.9615,Naypyitaw
2019-03-10,Food and beverages,7,2019-03-17,Produit à date courte - PROMO/DON,133.917,Mandalay
2019-02-15,Fashion accessories,3,2019-03-17,Produit à date courte - PROMO/DON,253.512,Naypyitaw
2019-01-26,Fashion accessories,10,2019-02-25,Produit à date courte - PROMO/DON,398.475,Mandalay
2019-02-13,Electronic accessories,1,2019-05-14,Produit à date courte - PROMO/DON,80.661,Yangon
2019-03-09,Sports and travel,10,2019-05-08,Produit à date courte - PROMO/DON,548.73,Yangon
2019-03-06,Health and beauty,1,2019-04-05,Produit à date courte - PROMO/DON,83.727,Yangon
2019-01-24,Health and beauty,5,2019-02-23,Produit à date courte - PROMO/DON,406.875,Yangon
2019-03-13,Food and beverages,5,2019-03-20,Produit à date courte - PROMO/DON,284.9175,Yangon
2019-03-15,Home and lifestyle,9,2019-04-29,Produit à date courte - PROMO/DON,128.4255,Mandalay
2019-03-05,Health and beauty,6,2019-04-04,Produit à date courte - PROMO/DON,258.678,Mandalay
2019-03-04,Electronic accessories,9,2019-06-02,Produit à date courte - PROMO/DON,181.818,Mandalay
2019-03-25,Food and beverages,6,2019-04-01,Produit à date courte - PROMO/DON,248.409,Naypyitaw
2019-03-12,Home and lifestyle,4,2019-04-26,Produit à date courte - PROMO/DON,194.124,Naypyitaw
2019-02-04,Home and lifestyle,1,2019-03-21,Produit à date courte - PROMO/DON,14.679,Naypyitaw
2019-02-22,Fashion accessories,5,2019-03-24,Produit à date courte - PROMO/DON,208.6875,Mandalay
2019-02-16,Fashion accessories,7,2019-03-18,Produit à date courte - PROMO/DON,718.7565,Naypyitaw
2019-01-19,Sports and travel,4,2019-03-20,Produit à date courte - PROMO/DON,282.492,Yangon
2019-01-11,Food and beverages,5,2019-01-18,Produit à date courte - PROMO/DON,72.3975,Yangon
2019-01-04,Fashion accessories,4,2019-02-03,Produit à date courte - PROMO/DON,288.582,Mandalay
2019-03-04,Home and lifestyle,4,2019-04-18,Produit à date courte - PROMO/DON,237.426,Yangon
2019-01-28,Fashion accessories,5,2019-02-27,Produit à date courte - PROMO/DON,125.055,Naypyitaw
2019-01-02,Health and beauty,10,2019-02-01,Produit à date courte - PROMO/DON,359.205,Mandalay
2019-01-25,Sports and travel,2,2019-03-26,Produit à date courte - PROMO/DON,45.927,Mandalay
2019-01-04,Health and beauty,5,2019-02-03,Produit à date courte - PROMO/DON,110.0925,Yangon
2019-03-10,Sports and travel,3,2019-05-09,Produit à date courte - PROMO/DON,81.396,Yangon
2019-03-22,Home and lifestyle,8,2019-05-06,Produit à date courte - PROMO/DON,427.812,Yangon
2019-01-25,Health and beauty,1,2019-02-24,Produit à date courte - PROMO/DON,100.9155,Mandalay
2019-01-08,Home and lifestyle,4,2019-02-22,Produit à date courte - PROMO/DON,190.596,Naypyitaw
2019-01-22,Health and beauty,1,2019-02-21,Produit à date courte - PROMO/DON,85.5855,Naypyitaw
2019-01-12,Health and beauty,2,2019-02-11,Produit à date courte - PROMO/DON,120.162,Mandalay
2019-02-04,Electronic accessories,7,2019-05-05,Produit à date courte - PROMO/DON,185.367,Yangon
2019-03-28,Food and beverages,3,2019-04-04,Produit à date courte - PROMO/DON,121.59,Naypyitaw
2019-01-23,Electronic accessories,3,2019-04-23,Produit à date courte - PROMO/DON,264.7575,Naypyitaw
2019-02-08,Fashion accessories,10,2019-03-10,Produit à date courte - PROMO/DON,1020.705,Naypyitaw
2019-03-19,Fashion accessories,8,2019-04-18,Produit à date courte - PROMO/DON,213.528,Mandalay
2019-03-09,Fashion accessories,1,2019-04-08,Produit à date courte - PROMO/DON,17.094,Naypyitaw
2019-01-02,Fashion accessories,9,2019-02-01,Produit à date courte - PROMO/DON,383.7645,Mandalay
2019-01-21,Health and beauty,7,2019-02-20,Produit à date courte - PROMO/DON,390.7995,Yangon
2019-03-20,Food and beverages,3,2019-03-27,Produit à date courte - PROMO/DON,65.7405,Mandalay
2019-02-27,Sports and travel,5,2019-04-28,Produit à date courte - PROMO/DON,353.1675,Mandalay
2019-03-08,Home and lifestyle,10,2019-04-22,Produit à date courte - PROMO/DON,951.825,Yangon
2019-01-31,Fashion accessories,2,2019-03-02,Produit à date courte - PROMO/DON,145.068,Mandalay
2019-03-08,Food and beverages,2,2019-03-15,Produit à date courte - PROMO/DON,90.867,Naypyitaw
2019-01-13,Electronic accessories,6,2019-04-13,Produit à date courte - PROMO/DON,147.798,Yangon
2019-03-09,Fashion accessories,7,2019-04-08,Produit à date courte - PROMO/DON,702.219,Mandalay
2019-02-22,Fashion accessories,1,2019-03-24,Produit à date courte - PROMO/DON,49.812,Mandalay
2019-03-19,Sports and travel,9,2019-05-18,Produit à date courte - PROMO/DON,937.818,Naypyitaw
2019-01-20,Sports and travel,4,2019-03-21,Produit à date courte - PROMO/DON,348.306,Naypyitaw
2019-03-08,Home and lifestyle,6,2019-04-22,Produit à date courte - PROMO/DON,214.137,Yangon
2019-03-08,Food and beverages,4,2019-03-15,Produit à date courte - PROMO/DON,71.568,Naypyitaw
2019-02-07,Electronic accessories,8,2019-05-08,Produit à date courte - PROMO/DON,343.224,Naypyitaw
2019-01-15,Food and beverages,5,2019-01-22,Produit à date courte - PROMO/DON,91.56,Naypyitaw
2019-03-22,Sports and travel,8,2019-05-21,Produit à date courte - PROMO/DON,742.812,Mandalay
2019-01-15,Home and lifestyle,9,2019-03-01,Produit à date courte - PROMO/DON,843.0345,Yangon
2019-01-08,Fashion accessories,1,2019-02-07,Produit à date courte - PROMO/DON,13.419,Naypyitaw
2019-01-15,Sports and travel,7,2019-03-16,Produit à date courte - PROMO/DON,140.385,Yangon
2019-01-28,Health and beauty,1,2019-02-27,Produit à date courte - PROMO/DON,20.1075,Mandalay
2019-02-14,Food and beverages,10,2019-02-21,Produit à date courte - PROMO/DON,290.43,Naypyitaw
2019-03-10,Fashion accessories,3,2019-04-09,Produit à date courte - PROMO/DON,144.081,Naypyitaw
2019-01-12,Health and beauty,1,2019-02-11,Produit à date courte - PROMO/DON,28.4235,Mandalay
2019-03-26,Sports and travel,1,2019-05-25,Produit à date courte - PROMO/DON,41.076,Mandalay
2019-01-01,Electronic accessories,6,2019-04-01,Produit à date courte - PROMO/DON,470.673,Mandalay
2019-01-02,Electronic accessories,6,2019-04-02,Produit à date courte - PROMO/DON,138.663,Mandalay
2019-03-16,Food and beverages,5,2019-03-23,Produit à date courte - PROMO/DON,333.9525,Yangon
2019-03-03,Health and beauty,1,2019-04-02,Produit à date courte - PROMO/DON,26.25,Yangon
2019-01-31,Electronic accessories,4,2019-05-01,Produit à date courte - PROMO/DON,87.234,Yangon
2019-02-13,Fashion accessories,5,2019-03-15,Produit à date courte - PROMO/DON,155.19,Mandalay
2019-02-15,Food and beverages,9,2019-02-22,Produit à date courte - PROMO/DON,731.43,Mandalay
2019-02-07,Electronic accessories,10,2019-05-08,Produit à date courte - PROMO/DON,833.595,Mandalay
2019-01-27,Electronic accessories,10,2019-04-27,Produit à date courte - PROMO/DON,488.985,Naypyitaw
2019-02-23,Food and beverages,1,2019-03-02,Produit à date courte - PROMO/DON,37.6845,Naypyitaw
2019-02-03,Food and beverages,5,2019-02-10,Produit à date courte - PROMO/DON,212.73,Naypyitaw
2019-03-03,Food and beverages,10,2019-03-10,Produit à date courte - PROMO/DON,767.025,Mandalay
2019-02-03,Sports and travel,4,2019-04-04,Produit à date courte - PROMO/DON,310.59,Naypyitaw
2019-03-17,Food and beverages,1,2019-03-24,Produit à date courte - PROMO/DON,23.751,Naypyitaw
2019-03-28,Food and beverages,5,2019-04-04,Produit à date courte - PROMO/DON,269.535,Yangon
2019-03-02,Sports and travel,10,2019-05-01,Produit à date courte - PROMO/DON,572.775,Naypyitaw
2019-02-08,Health and beauty,7,2019-03-10,Produit à date courte - PROMO/DON,273.0525,Naypyitaw
2019-03-22,Sports and travel,6,2019-05-21,Produit à date courte - PROMO/DON,233.226,Mandalay
2019-02-09,Food and beverages,1,2019-02-16,Produit à date courte - PROMO/DON,22.659,Naypyitaw
2019-02-15,Electronic accessories,1,2019-05-16,Produit à date courte - PROMO/DON,103.782,Naypyitaw
2019-01-23,Home and lifestyle,6,2019-03-09,Produit à date courte - PROMO/DON,527.751,Naypyitaw
2019-01-25,Sports and travel,4,2019-03-26,Produit à date courte - PROMO/DON,168.21,Yangon
2019-02-02,Fashion accessories,10,2019-03-04,Produit à date courte - PROMO/DON,452.865,Yangon
2019-03-30,Health and beauty,8,2019-04-29,Produit à date courte - PROMO/DON,609.588,Mandalay
2019-03-30,Electronic accessories,5,2019-06-28,Produit à date courte - PROMO/DON,338.31,Yangon
2019-02-25,Health and beauty,3,2019-03-27,Produit à date courte - PROMO/DON,205.317,Yangon
2019-03-18,Sports and travel,5,2019-05-17,Produit à date courte - PROMO/DON,174.615,Yangon
2019-03-07,Electronic accessories,4,2019-06-05,Produit à date courte - PROMO/DON,353.094,Naypyitaw
2019-03-16,Sports and travel,10,2019-05-15,Produit à date courte - PROMO/DON,360.885,Mandalay
2019-01-29,Electronic accessories,1,2019-04-29,Produit à date courte - PROMO/DON,40.53,Yangon
2019-02-02,Food and beverages,8,2019-02-09,Produit à date courte - PROMO/DON,554.148,Naypyitaw
2019-02-15,Electronic accessories,10,2019-05-16,Produit à date courte - PROMO/DON,344.4,Naypyitaw
2019-01-08,Sports and travel,5,2019-03-09,Produit à date courte - PROMO/DON,194.985,Yangon
2019-02-12,Home and lifestyle,10,2019-03-29,Produit à date courte - PROMO/DON,633.99,Mandalay
2019-01-01,Sports and travel,10,2019-03-02,Produit à date courte - PROMO/DON,388.29,Naypyitaw
2019-03-21,Sports and travel,4,2019-05-20,Produit à date courte - PROMO/DON,207.858,Mandalay
2019-02-28,Fashion accessories,10,2019-03-30,Produit à date courte - PROMO/DON,431.445,Mandalay
2019-03-23,Fashion accessories,4,2019-04-22,Produit à date courte - PROMO/DON,156.03,Yangon
2019-01-30,Home and lifestyle,1,2019-03-16,Produit à date courte - PROMO/DON,24.108,Naypyitaw
2019-02-04,Home and lifestyle,9,2019-03-21,Produit à date courte - PROMO/DON,734.076,Mandalay
2019-03-13,Fashion accessories,2,2019-04-12,Produit à date courte - PROMO/DON,72.87,Mandalay
2019-03-15,Fashion accessories,10,2019-04-14,Produit à date courte - PROMO/DON,206.43,Yangon
2019-03-05,Health and beauty,8,2019-04-04,Produit à date courte - PROMO/DON,212.688,Mandalay
2019-03-05,Home and lifestyle,10,2019-04-19,Produit à date courte - PROMO/DON,127.26,Naypyitaw
2019-02-26,Fashion accessories,2,2019-03-28,Produit à date courte - PROMO/DON,209.769,Mandalay
2019-03-20,Sports and travel,8,2019-05-19,Produit à date courte - PROMO/DON,637.728,Mandalay
2019-01-01,Electronic accessories,2,2019-04-01,Produit à date courte - PROMO/DON,132.762,Naypyitaw
2019-01-27,Food and beverages,6,2019-02-03,Produit à date courte - PROMO/DON,568.512,Naypyitaw
2019-01-21,Sports and travel,1,2019-03-22,Produit à date courte - PROMO/DON,103.0365,Mandalay
2019-02-02,Sports and travel,8,2019-04-03,Produit à date courte - PROMO/DON,432.768,Yangon
2019-02-03,Sports and travel,1,2019-04-04,Produit à date courte - PROMO/DON,77.6685,Mandalay
2019-01-05,Fashion accessories,1,2019-02-04,Produit à date courte - PROMO/DON,33.495,Naypyitaw
2019-01-27,Home and lifestyle,2,2019-03-13,Produit à date courte - PROMO/DON,145.74,Naypyitaw
2019-03-25,Sports and travel,2,2019-05-24,Produit à date courte - PROMO/DON,195.951,Mandalay
2019-02-25,Sports and travel,1,2019-04-26,Produit à date courte - PROMO/DON,92.8725,Mandalay
2019-01-28,Electronic accessories,8,2019-04-28,Produit à date courte - PROMO/DON,203.112,Yangon
2019-01-08,Sports and travel,3,2019-03-09,Produit à date courte - PROMO/DON,152.775,Mandalay
2019-01-29,Food and beverages,6,2019-02-05,Produit à date courte - PROMO/DON,529.515,Mandalay
2019-03-29,Health and beauty,5,2019-04-28,Produit à date courte - PROMO/DON,321.7725,Mandalay
2019-02-09,Home and lifestyle,6,2019-03-26,Produit à date courte - PROMO/DON,100.485,Naypyitaw
2019-01-16,Sports and travel,7,2019-03-17,Produit à date courte - PROMO/DON,666.939,Mandalay
2019-01-05,Home and lifestyle,5,2019-02-19,Produit à date courte - PROMO/DON,225.2775,Yangon
2019-01-27,Fashion accessories,7,2019-02-26,Produit à date courte - PROMO/DON,398.958,Yangon
2019-03-14,Electronic accessories,7,2019-06-12,Produit à date courte - PROMO/DON,731.6925,Yangon
2019-02-23,Sports and travel,7,2019-04-24,Produit à date courte - PROMO/DON,429.1665,Naypyitaw
2019-03-18,Fashion accessories,1,2019-04-17,Produit à date courte - PROMO/DON,54.0435,Naypyitaw
2019-03-29,Health and beauty,5,2019-04-28,Produit à date courte - PROMO/DON,288.015,Mandalay
2019-01-22,Home and lifestyle,5,2019-03-08,Produit à date courte - PROMO/DON,206.7975,Naypyitaw
2019-03-01,Home and lifestyle,2,2019-04-15,Produit à date courte - PROMO/DON,72.933,Yangon
2019-01-17,Sports and travel,5,2019-03-18,Produit à date courte - PROMO/DON,377.58,Naypyitaw
2019-03-26,Electronic accessories,3,2019-06-24,Produit à date courte - PROMO/DON,143.9865,Mandalay
2019-03-20,Home and lifestyle,6,2019-05-04,Produit à date courte - PROMO/DON,523.971,Naypyitaw
2019-02-06,Home and lifestyle,6,2019-03-23,Produit à date courte - PROMO/DON,235.872,Yangon
2019-01-01,Health and beauty,2,2019-01-31,Produit à date courte - PROMO/DON,132.027,Naypyitaw
2019-01-27,Food and beverages,6,2019-02-03,Produit à date courte - PROMO/DON,514.773,Yangon
2019-02-25,Sports and travel,5,2019-04-26,Produit à date courte - PROMO/DON,479.9025,Yangon
2019-01-16,Fashion accessories,4,2019-02-15,Produit à date courte - PROMO/DON,164.682,Mandalay
2019-01-13,Fashion accessories,2,2019-02-12,Produit à date courte - PROMO/DON,125.706,Mandalay
2019-02-07,Food and beverages,10,2019-02-14,Produit à date courte - PROMO/DON,570.78,Mandalay
2019-02-17,Sports and travel,9,2019-04-18,Produit à date courte - PROMO/DON,926.9505,Yangon
2019-02-12,Health and beauty,6,2019-03-14,Produit à date courte - PROMO/DON,160.209,Yangon
2019-01-24,Fashion accessories,8,2019-02-23,Produit à date courte - PROMO/DON,728.112,Yangon
2019-02-06,Electronic accessories,10,2019-05-07,Produit à date courte - PROMO/DON,240.975,Mandalay
2019-03-26,Food and beverages,9,2019-04-02,Produit à date courte - PROMO/DON,154.1295,Naypyitaw
2019-03-11,Home and lifestyle,5,2019-04-25,Produit à date courte - PROMO/DON,148.68,Yangon
2019-02-07,Home and lifestyle,7,2019-03-24,Produit à date courte - PROMO/DON,122.5245,Naypyitaw
2019-01-05,Fashion accessories,1,2019-02-04,Produit à date courte - PROMO/DON,77.658,Mandalay
2019-03-07,Home and lifestyle,1,2019-04-21,Produit à date courte - PROMO/DON,102.837,Yangon
2019-02-25,Fashion accessories,4,2019-03-27,Produit à date courte - PROMO/DON,306.81,Yangon
2019-02-01,Food and beverages,6,2019-02-08,Produit à date courte - PROMO/DON,551.124,Naypyitaw
2019-01-22,Home and lifestyle,3,2019-03-08,Produit à date courte - PROMO/DON,96.642,Yangon
2019-01-03,Health and beauty,1,2019-02-02,Produit à date courte - PROMO/DON,79.674,Naypyitaw
2019-02-13,Sports and travel,4,2019-04-14,Produit à date courte - PROMO/DON,84.756,Mandalay
2019-01-28,Electronic accessories,6,2019-04-28,Produit à date courte - PROMO/DON,118.251,Naypyitaw
2019-01-05,Food and beverages,1,2019-01-12,Produit à date courte - PROMO/DON,74.76,Mandalay
2019-03-19,Home and lifestyle,4,2019-05-03,Produit à date courte - PROMO/DON,163.002,Mandalay
2019-01-12,Fashion accessories,10,2019-02-11,Produit à date courte - PROMO/DON,308.91,Yangon
2019-01-07,Sports and travel,9,2019-03-08,Produit à date courte - PROMO/DON,575.9775,Yangon
2019-01-26,Sports and travel,5,2019-03-27,Produit à date courte - PROMO/DON,270.585,Mandalay
2019-01-23,Electronic accessories,6,2019-04-23,Produit à date courte - PROMO/DON,416.178,Yangon
2019-02-09,Fashion accessories,3,2019-03-11,Produit à date courte - PROMO/DON,180.4005,Mandalay
2019-02-22,Fashion accessories,9,2019-03-24,Produit à date courte - PROMO/DON,513.2295,Mandalay
2019-02-05,Health and beauty,9,2019-03-07,Produit à date courte - PROMO/DON,550.368,Mandalay
2019-03-07,Electronic accessories,6,2019-06-05,Produit à date courte - PROMO/DON,139.923,Naypyitaw
2019-03-25,Electronic accessories,7,2019-06-23,Produit à date courte - PROMO/DON,142.002,Yangon
2019-01-20,Home and lifestyle,3,2019-03-06,Produit à date courte - PROMO/DON,118.062,Mandalay
2019-02-04,Fashion accessories,2,2019-03-06,Produit à date courte - PROMO/DON,151.284,Mandalay
2019-01-30,Food and beverages,10,2019-02-06,Produit à date courte - PROMO/DON,1034.46,Naypyitaw
2019-01-02,Food and beverages,6,2019-01-09,Produit à date courte - PROMO/DON,262.458,Yangon
2019-03-29,Home and lifestyle,3,2019-05-13,Produit à date courte - PROMO/DON,228.123,Yangon
2019-03-14,Electronic accessories,9,2019-06-12,Produit à date courte - PROMO/DON,203.931,Mandalay
2019-02-11,Food and beverages,10,2019-02-18,Produit à date courte - PROMO/DON,936.6,Naypyitaw
2019-01-30,Electronic accessories,8,2019-04-30,Produit à date courte - PROMO/DON,356.328,Mandalay
2019-03-20,Electronic accessories,6,2019-06-18,Produit à date courte - PROMO/DON,469.413,Yangon
2019-03-20,Fashion accessories,2,2019-04-19,Produit à date courte - PROMO/DON,208.425,Mandalay
2019-01-17,Food and beverages,10,2019-01-24,Produit à date courte - PROMO/DON,852.705,Yangon
2019-02-03,Sports and travel,10,2019-04-04,Produit à date courte - PROMO/DON,517.965,Naypyitaw
2019-01-01,Fashion accessories,9,2019-01-31,Produit à date courte - PROMO/DON,621.243,Yangon
2019-01-10,Fashion accessories,7,2019-02-09,Produit à date courte - PROMO/DON,586.971,Mandalay
2019-03-02,Sports and travel,7,2019-05-01,Produit à date courte - PROMO/DON,543.753,Naypyitaw
2019-02-25,Home and lifestyle,5,2019-04-11,Produit à date courte - PROMO/DON,430.71,Mandalay
2019-01-29,Sports and travel,10,2019-03-30,Produit à date courte - PROMO/DON,280.035,Mandalay
2019-03-10,Food and beverages,7,2019-03-17,Produit à date courte - PROMO/DON,74.4555,Yangon
2019-01-13,Food and beverages,2,2019-01-20,Produit à date courte - PROMO/DON,152.019,Mandalay
2019-03-22,Sports and travel,5,2019-05-21,Produit à date courte - PROMO/DON,451.0275,Yangon
2019-03-01,Fashion accessories,7,2019-03-31,Produit à date courte - PROMO/DON,597.6285,Mandalay
2019-02-20,Food and beverages,4,2019-02-27,Produit à date courte - PROMO/DON,253.26,Mandalay
2019-01-14,Food and beverages,4,2019-01-21,Produit à date courte - PROMO/DON,133.434,Naypyitaw
2019-03-26,Health and beauty,4,2019-04-25,Produit à date courte - PROMO/DON,269.934,Yangon
2019-03-01,Health and beauty,2,2019-03-31,Produit à date courte - PROMO/DON,145.971,Mandalay
2019-01-07,Food and beverages,3,2019-01-14,Produit à date courte - PROMO/DON,85.743,Naypyitaw
2019-02-01,Health and beauty,4,2019-03-03,Produit à date courte - PROMO/DON,326.256,Yangon
2019-02-13,Fashion accessories,2,2019-03-15,Produit à date courte - PROMO/DON,195.258,Naypyitaw
2019-01-14,Fashion accessories,4,2019-02-13,Produit à date courte - PROMO/DON,75.936,Mandalay
2019-01-19,Sports and travel,3,2019-03-20,Produit à date courte - PROMO/DON,198.639,Mandalay
2019-03-09,Health and beauty,4,2019-04-08,Produit à date courte - PROMO/DON,217.182,Yangon
2019-03-27,Food and beverages,3,2019-04-03,Produit à date courte - PROMO/DON,164.871,Yangon
2019-02-04,Sports and travel,5,2019-04-05,Produit à date courte - PROMO/DON,226.065,Yangon
2019-03-14,Fashion accessories,10,2019-04-13,Produit à date courte - PROMO/DON,625.905,Naypyitaw
2019-03-04,Health and beauty,5,2019-04-03,Produit à date courte - PROMO/DON,76.755,Yangon
2019-03-03,Health and beauty,6,2019-04-02,Produit à date courte - PROMO/DON,293.139,Naypyitaw
2019-01-27,Home and lifestyle,7,2019-03-13,Produit à date courte - PROMO/DON,178.164,Naypyitaw
2019-02-07,Sports and travel,1,2019-04-08,Produit à date courte - PROMO/DON,47.859,Yangon
2019-02-05,Sports and travel,3,2019-04-06,Produit à date courte - PROMO/DON,236.88,Yangon
2019-03-15,Sports and travel,3,2019-05-14,Produit à date courte - PROMO/DON,304.92,Mandalay
2019-03-01,Health and beauty,3,2019-03-31,Produit à date courte - PROMO/DON,46.683,Mandalay
2019-02-15,Food and beverages,3,2019-02-22,Produit à date courte - PROMO/DON,164.43,Yangon
2019-02-17,Sports and travel,9,2019-04-18,Produit à date courte - PROMO/DON,440.937,Naypyitaw
2019-01-26,Fashion accessories,5,2019-02-25,Produit à date courte - PROMO/DON,193.4625,Naypyitaw
2019-03-24,Home and lifestyle,2,2019-05-08,Produit à date courte - PROMO/DON,147.672,Yangon
2019-01-23,Electronic accessories,1,2019-04-23,Produit à date courte - PROMO/DON,87.234,Naypyitaw
2019-01-26,Fashion accessories,1,2019-02-25,Produit à date courte - PROMO/DON,68.2395,Naypyitaw
2019-03-14,Food and beverages,10,2019-03-21,Produit à date courte - PROMO/DON,814.38,Naypyitaw
2019-03-17,Sports and travel,6,2019-05-16,Produit à date courte - PROMO/DON,343.413,Mandalay
2019-01-08,Fashion accessories,7,2019-02-07,Produit à date courte - PROMO/DON,381.3915,Naypyitaw
2019-02-08,Home and lifestyle,4,2019-03-25,Produit à date courte - PROMO/DON,133.35,Mandalay
2019-02-10,Fashion accessories,7,2019-03-12,Produit à date courte - PROMO/DON,394.3275,Yangon
2019-03-28,Food and beverages,4,2019-04-04,Produit à date courte - PROMO/DON,209.118,Naypyitaw
2019-01-23,Fashion accessories,1,2019-02-22,Produit à date courte - PROMO/DON,32.1405,Yangon
2019-01-17,Food and beverages,2,2019-01-24,Produit à date courte - PROMO/DON,121.569,Mandalay
2019-02-07,Electronic accessories,1,2019-05-08,Produit à date courte - PROMO/DON,30.408,Yangon
2019-03-09,Food and beverages,9,2019-03-16,Produit à date courte - PROMO/DON,935.2665,Naypyitaw
2019-01-24,Fashion accessories,3,2019-02-23,Produit à date courte - PROMO/DON,293.643,Mandalay
2019-01-19,Sports and travel,1,2019-03-20,Produit à date courte - PROMO/DON,84.9765,Naypyitaw
2019-02-03,Food and beverages,10,2019-02-10,Produit à date courte - PROMO/DON,708.225,Yangon
2019-03-20,Sports and travel,9,2019-05-19,Produit à date courte - PROMO/DON,365.904,Yangon
2019-01-13,Sports and travel,6,2019-03-14,Produit à date courte - PROMO/DON,457.38,Mandalay
2019-03-14,Electronic accessories,5,2019-06-12,Produit à date courte - PROMO/DON,461.5275,Naypyitaw
2019-01-23,Food and beverages,6,2019-01-30,Produit à date courte - PROMO/DON,620.739,Yangon
2019-02-07,Fashion accessories,6,2019-03-09,Produit à date courte - PROMO/DON,273.798,Naypyitaw
2019-03-28,Food and beverages,3,2019-04-04,Produit à date courte - PROMO/DON,225.792,Yangon
2019-03-20,Food and beverages,1,2019-03-27,Produit à date courte - PROMO/DON,96.1905,Yangon
2019-01-17,Home and lifestyle,7,2019-03-03,Produit à date courte - PROMO/DON,695.2365,Mandalay
2019-01-12,Fashion accessories,10,2019-02-11,Produit à date courte - PROMO/DON,874.125,Mandalay
2019-02-16,Fashion accessories,1,2019-03-18,Produit à date courte - PROMO/DON,95.9175,Mandalay
2019-01-26,Food and beverages,2,2019-02-02,Produit à date courte - PROMO/DON,165.648,Mandalay
2019-03-09,Sports and travel,2,2019-05-08,Produit à date courte - PROMO/DON,127.827,Yangon
2019-03-14,Health and beauty,10,2019-04-13,Produit à date courte - PROMO/DON,867.09,Mandalay
2019-01-25,Home and lifestyle,3,2019-03-11,Produit à date courte - PROMO/DON,167.895,Yangon
2019-01-26,Fashion accessories,1,2019-02-25,Produit à date courte - PROMO/DON,12.6945,Yangon
2019-01-19,Sports and travel,10,2019-03-20,Produit à date courte - PROMO/DON,673.995,Yangon
2019-03-05,Electronic accessories,3,2019-06-03,Produit à date courte - PROMO/DON,246.6765,Yangon
2019-01-15,Food and beverages,2,2019-01-22,Produit à date courte - PROMO/DON,175.917,Yangon
2019-03-18,Home and lifestyle,3,2019-05-02,Produit à date courte - PROMO/DON,314.055,Mandalay
2019-03-20,Food and beverages,3,2019-03-27,Produit à date courte - PROMO/DON,251.7165,Mandalay
2019-01-15,Health and beauty,10,2019-02-14,Produit à date courte - PROMO/DON,697.935,Mandalay
2019-03-03,Health and beauty,7,2019-04-02,Produit à date courte - PROMO/DON,212.7825,Yangon
2019-03-19,Electronic accessories,1,2019-06-17,Produit à date courte - PROMO/DON,48.51,Naypyitaw
2019-03-08,Food and beverages,5,2019-03-15,Produit à date courte - PROMO/DON,92.5575,Mandalay
2019-02-27,Fashion accessories,3,2019-03-29,Produit à date courte - PROMO/DON,165.123,Mandalay
2019-02-23,Food and beverages,3,2019-03-02,Produit à date courte - PROMO/DON,311.1885,Mandalay
2019-03-19,Electronic accessories,8,2019-06-17,Produit à date courte - PROMO/DON,743.82,Naypyitaw
2019-03-27,Electronic accessories,2,2019-06-25,Produit à date courte - PROMO/DON,116.907,Mandalay
2019-03-30,Food and beverages,8,2019-04-06,Produit à date courte - PROMO/DON,609.168,Naypyitaw
2019-02-16,Electronic accessories,5,2019-05-17,Produit à date courte - PROMO/DON,63.2625,Naypyitaw
2019-01-18,Home and lifestyle,9,2019-03-04,Produit à date courte - PROMO/DON,182.952,Yangon
2019-03-30,Health and beauty,6,2019-04-29,Produit à date courte - PROMO/DON,442.323,Naypyitaw
2019-03-20,Fashion accessories,1,2019-04-19,Produit à date courte - PROMO/DON,35.3115,Mandalay
2019-01-16,Sports and travel,2,2019-03-17,Produit à date courte - PROMO/DON,32.529,Naypyitaw
2019-02-24,Electronic accessories,10,2019-05-25,Produit à date courte - PROMO/DON,259.77,Naypyitaw
2019-01-15,Electronic accessories,5,2019-04-15,Produit à date courte - PROMO/DON,397.215,Mandalay
2019-01-22,Health and beauty,6,2019-02-21,Produit à date courte - PROMO/DON,351.603,Mandalay
2019-02-03,Home and lifestyle,10,2019-03-20,Produit à date courte - PROMO/DON,764.19,Yangon
2019-03-06,Sports and travel,9,2019-05-05,Produit à date courte - PROMO/DON,352.674,Mandalay
2019-02-16,Fashion accessories,4,2019-03-18,Produit à date courte - PROMO/DON,252.756,Mandalay
2019-03-14,Electronic accessories,3,2019-06-12,Produit à date courte - PROMO/DON,49.4235,Yangon
2019-02-27,Electronic accessories,1,2019-05-28,Produit à date courte - PROMO/DON,104.6745,Naypyitaw
2019-01-18,Fashion accessories,3,2019-02-17,Produit à date courte - PROMO/DON,277.6725,Yangon
2019-01-29,Sports and travel,5,2019-03-30,Produit à date courte - PROMO/DON,146.6325,Yangon
2019-02-26,Fashion accessories,1,2019-03-28,Produit à date courte - PROMO/DON,58.2225,Yangon
2019-02-03,Sports and travel,3,2019-04-04,Produit à date courte - PROMO/DON,135.3555,Mandalay
2019-01-16,Sports and travel,7,2019-03-17,Produit à date courte - PROMO/DON,125.979,Naypyitaw
2019-03-24,Fashion accessories,6,2019-04-23,Produit à date courte - PROMO/DON,370.125,Mandalay
2019-02-12,Food and beverages,10,2019-02-19,Produit à date courte - PROMO/DON,914.55,Naypyitaw
2019-02-21,Sports and travel,2,2019-04-22,Produit à date courte - PROMO/DON,207.48,Naypyitaw
2019-02-04,Fashion accessories,4,2019-03-06,Produit à date courte - PROMO/DON,204.246,Yangon
2019-02-20,Food and beverages,3,2019-02-27,Produit à date courte - PROMO/DON,181.881,Mandalay
2019-02-23,Health and beauty,4,2019-03-25,Produit à date courte - PROMO/DON,75.474,Mandalay
2019-02-16,Health and beauty,6,2019-03-18,Produit à date courte - PROMO/DON,300.573,Naypyitaw
2019-01-17,Sports and travel,2,2019-03-18,Produit à date courte - PROMO/DON,85.302,Mandalay
2019-01-14,Fashion accessories,10,2019-02-13,Produit à date courte - PROMO/DON,588.42,Yangon
2019-03-30,Food and beverages,2,2019-04-06,Produit à date courte - PROMO/DON,196.14,Mandalay
2019-03-02,Health and beauty,3,2019-04-01,Produit à date courte - PROMO/DON,231.2415,Mandalay
2019-02-15,Health and beauty,8,2019-03-17,Produit à date courte - PROMO/DON,282.576,Naypyitaw
2019-03-01,Electronic accessories,10,2019-05-30,Produit à date courte - PROMO/DON,477.54,Yangon
2019-02-24,Fashion accessories,2,2019-03-26,Produit à date courte - PROMO/DON,175.917,Mandalay
2019-02-19,Sports and travel,7,2019-04-20,Produit à date courte - PROMO/DON,470.988,Mandalay
2019-02-23,Food and beverages,4,2019-03-02,Produit à date courte - PROMO/DON,308.574,Yangon
2019-02-07,Health and beauty,10,2019-03-09,Produit à date courte - PROMO/DON,618.975,Naypyitaw
2019-01-11,Food and beverages,6,2019-01-18,Produit à date courte - PROMO/DON,305.55,Yangon
2019-02-12,Electronic accessories,1,2019-05-13,Produit à date courte - PROMO/DON,41.454,Mandalay
2019-01-14,Sports and travel,1,2019-03-15,Produit à date courte - PROMO/DON,36.5505,Mandalay
2019-01-09,Fashion accessories,6,2019-02-08,Produit à date courte - PROMO/DON,310.716,Naypyitaw
2019-02-27,Fashion accessories,2,2019-03-29,Produit à date courte - PROMO/DON,45.108,Yangon
2019-01-24,Sports and travel,6,2019-03-25,Produit à date courte - PROMO/DON,145.404,Mandalay
2019-01-08,Home and lifestyle,2,2019-02-22,Produit à date courte - PROMO/DON,103.11,Mandalay
2019-01-08,Sports and travel,2,2019-03-09,Produit à date courte - PROMO/DON,136.143,Mandalay
2019-01-16,Home and lifestyle,10,2019-03-02,Produit à date courte - PROMO/DON,667.38,Yangon
2019-03-13,Sports and travel,2,2019-05-12,Produit à date courte - PROMO/DON,153.048,Naypyitaw
2019-02-15,Food and beverages,3,2019-02-22,Produit à date courte - PROMO/DON,211.365,Yangon
2019-01-25,Sports and travel,9,2019-03-26,Produit à date courte - PROMO/DON,663.2955,Naypyitaw
2019-03-12,Food and beverages,7,2019-03-19,Produit à date courte - PROMO/DON,404.544,Naypyitaw
2019-03-04,Health and beauty,10,2019-04-03,Produit à date courte - PROMO/DON,510.615,Yangon
2019-02-10,Fashion accessories,7,2019-03-12,Produit à date courte - PROMO/DON,539.343,Naypyitaw
2019-01-16,Food and beverages,9,2019-01-23,Produit à date courte - PROMO/DON,497.07,Naypyitaw
2019-01-29,Home and lifestyle,5,2019-03-15,Produit à date courte - PROMO/DON,458.6925,Yangon
2019-01-01,Sports and travel,4,2019-03-02,Produit à date courte - PROMO/DON,113.568,Yangon
2019-01-06,Home and lifestyle,4,2019-02-20,Produit à date courte - PROMO/DON,261.198,Mandalay
2019-02-19,Electronic accessories,9,2019-05-20,Produit à date courte - PROMO/DON,657.531,Yangon
2019-01-12,Home and lifestyle,10,2019-02-26,Produit à date courte - PROMO/DON,1023.75,Naypyitaw
2019-02-07,Fashion accessories,8,2019-03-09,Produit à date courte - PROMO/DON,507.444,Naypyitaw
2019-03-27,Food and beverages,3,2019-04-03,Produit à date courte - PROMO/DON,101.808,Mandalay
2019-02-27,Fashion accessories,10,2019-03-29,Produit à date courte - PROMO/DON,207.585,Mandalay
2019-01-06,Health and beauty,9,2019-02-05,Produit à date courte - PROMO/DON,760.4415,Mandalay
2019-03-02,Home and lifestyle,9,2019-04-16,Produit à date courte - PROMO/DON,835.2855,Mandalay
2019-03-29,Health and beauty,7,2019-04-28,Produit à date courte - PROMO/DON,527.5095,Mandalay
2019-01-31,Electronic accessories,4,2019-05-01,Produit à date courte - PROMO/DON,180.6,Mandalay
2019-01-21,Food and beverages,1,2019-01-28,Produit à date courte - PROMO/DON,72.429,Naypyitaw
2019-01-20,Fashion accessories,8,2019-02-19,Produit à date courte - PROMO/DON,131.208,Naypyitaw
2019-01-17,Sports and travel,3,2019-03-18,Produit à date courte - PROMO/DON,80.955,Yangon
2019-02-28,Food and beverages,6,2019-03-07,Produit à date courte - PROMO/DON,507.906,Yangon
2019-03-19,Home and lifestyle,4,2019-05-03,Produit à date courte - PROMO/DON,317.226,Naypyitaw
2019-02-19,Electronic accessories,9,2019-05-20,Produit à date courte - PROMO/DON,733.6035,Naypyitaw
2019-02-04,Health and beauty,9,2019-03-06,Produit à date courte - PROMO/DON,130.8825,Naypyitaw
2019-01-31,Fashion accessories,8,2019-03-02,Produit à date courte - PROMO/DON,829.08,Naypyitaw
2019-02-06,Health and beauty,5,2019-03-08,Produit à date courte - PROMO/DON,187.32,Yangon
2019-03-28,Fashion accessories,7,2019-04-27,Produit à date courte - PROMO/DON,525.231,Yangon
2019-01-19,Electronic accessories,3,2019-04-19,Produit à date courte - PROMO/DON,37.611,Yangon
2019-02-17,Fashion accessories,3,2019-03-19,Produit à date courte - PROMO/DON,142.947,Yangon
2019-01-18,Fashion accessories,6,2019-02-17,Produit à date courte - PROMO/DON,110.124,Mandalay
2019-02-02,Fashion accessories,7,2019-03-04,Produit à date courte - PROMO/DON,187.866,Mandalay
2019-01-18,Sports and travel,9,2019-03-19,Produit à date courte - PROMO/DON,856.4535,Naypyitaw
2019-03-18,Home and lifestyle,3,2019-05-02,Produit à date courte - PROMO/DON,138.978,Mandalay
2019-01-11,Food and beverages,7,2019-01-18,Produit à date courte - PROMO/DON,270.2595,Naypyitaw
2019-02-04,Food and beverages,4,2019-02-11,Produit à date courte - PROMO/DON,98.028,Mandalay
2019-02-06,Health and beauty,8,2019-03-08,Produit à date courte - PROMO/DON,239.4,Naypyitaw
2019-01-08,Home and lifestyle,3,2019-02-22,Produit à date courte - PROMO/DON,175.0455,Naypyitaw
2019-03-05,Sports and travel,10,2019-05-04,Produit à date courte - PROMO/DON,732.27,Mandalay
2019-03-16,Fashion accessories,4,2019-04-15,Produit à date courte - PROMO/DON,408.492,Naypyitaw
2019-03-09,Home and lifestyle,7,2019-04-23,Produit à date courte - PROMO/DON,383.523,Mandalay
2019-03-01,Fashion accessories,4,2019-03-31,Produit à date courte - PROMO/DON,93.744,Yangon
2019-02-28,Health and beauty,3,2019-03-30,Produit à date courte - PROMO/DON,176.4,Yangon
2019-02-08,Fashion accessories,1,2019-03-10,Produit à date courte - PROMO/DON,20.685,Yangon
2019-01-24,Electronic accessories,7,2019-04-24,Produit à date courte - PROMO/DON,557.718,Mandalay
2019-03-01,Food and beverages,1,2019-03-08,Produit à date courte - PROMO/DON,56.406,Mandalay
2019-03-10,Health and beauty,10,2019-04-09,Produit à date courte - PROMO/DON,860.475,Naypyitaw
2019-03-23,Home and lifestyle,7,2019-05-07,Produit à date courte - PROMO/DON,596.82,Naypyitaw
2019-01-29,Electronic accessories,10,2019-04-29,Produit à date courte - PROMO/DON,616.98,Naypyitaw
2019-01-12,Electronic accessories,8,2019-04-12,Produit à date courte - PROMO/DON,769.104,Mandalay
2019-03-20,Home and lifestyle,9,2019-05-04,Produit à date courte - PROMO/DON,887.922,Yangon
2019-03-23,Home and lifestyle,7,2019-05-07,Produit à date courte - PROMO/DON,408.7335,Naypyitaw
2019-01-14,Food and beverages,1,2019-01-21,Produit à date courte - PROMO/DON,89.0715,Naypyitaw
2019-02-12,Sports and travel,2,2019-04-13,Produit à date courte - PROMO/DON,150.423,Yangon
2019-02-20,Home and lifestyle,2,2019-04-06,Produit à date courte - PROMO/DON,79.149,Yangon
2019-01-02,Sports and travel,8,2019-03-03,Produit à date courte - PROMO/DON,266.028,Naypyitaw
2019-02-02,Food and beverages,1,2019-02-09,Produit à date courte - PROMO/DON,40.341,Naypyitaw
2019-01-08,Fashion accessories,10,2019-02-07,Produit à date courte - PROMO/DON,684.915,Mandalay
2019-01-30,Home and lifestyle,5,2019-03-16,Produit à date courte - PROMO/DON,55.2825,Naypyitaw
2019-03-26,Home and lifestyle,9,2019-05-10,Produit à date courte - PROMO/DON,116.1405,Mandalay
2019-01-15,Health and beauty,7,2019-02-14,Produit à date courte - PROMO/DON,597.0405,Naypyitaw
2019-03-14,Fashion accessories,4,2019-04-13,Produit à date courte - PROMO/DON,93.744,Mandalay
2019-02-03,Food and beverages,5,2019-02-10,Produit à date courte - PROMO/DON,143.22,Yangon
2019-02-22,Electronic accessories,10,2019-05-23,Produit à date courte - PROMO/DON,182.91,Yangon
2019-01-24,Home and lifestyle,5,2019-03-10,Produit à date courte - PROMO/DON,384.72,Mandalay
2019-01-25,Fashion accessories,3,2019-02-24,Produit à date courte - PROMO/DON,267.3405,Naypyitaw
2019-03-09,Fashion accessories,8,2019-04-08,Produit à date courte - PROMO/DON,817.236,Yangon
2019-02-17,Electronic accessories,8,2019-05-18,Produit à date courte - PROMO/DON,300.216,Mandalay
2019-01-11,Home and lifestyle,6,2019-02-25,Produit à date courte - PROMO/DON,608.076,Yangon
2019-02-27,Food and beverages,10,2019-03-06,Produit à date courte - PROMO/DON,197.925,Yangon
2019-03-25,Food and beverages,4,2019-04-01,Produit à date courte - PROMO/DON,232.638,Yangon
2019-02-11,Food and beverages,10,2019-02-18,Produit à date courte - PROMO/DON,810.6,Mandalay
2019-01-31,Electronic accessories,10,2019-05-01,Produit à date courte - PROMO/DON,757.365,Mandalay
2019-01-20,Fashion accessories,8,2019-02-19,Produit à date courte - PROMO/DON,536.592,Yangon
2019-03-26,Health and beauty,5,2019-04-25,Produit à date courte - PROMO/DON,56.1225,Yangon
2019-01-20,Health and beauty,4,2019-02-19,Produit à date courte - PROMO/DON,233.1,Yangon
2019-03-05,Home and lifestyle,8,2019-04-19,Produit à date courte - PROMO/DON,801.864,Mandalay
2019-01-05,Fashion accessories,3,2019-02-04,Produit à date courte - PROMO/DON,239.589,Naypyitaw
2019-02-13,Sports and travel,6,2019-04-14,Produit à date courte - PROMO/DON,86.247,Mandalay
2019-03-16,Electronic accessories,4,2019-06-14,Produit à date courte - PROMO/DON,401.688,Mandalay
2019-01-15,Home and lifestyle,6,2019-03-01,Produit à date courte - PROMO/DON,72.009,Yangon
2019-02-26,Sports and travel,4,2019-04-27,Produit à date courte - PROMO/DON,401.268,Mandalay
2019-02-27,Health and beauty,7,2019-03-29,Produit à date courte - PROMO/DON,631.1445,Naypyitaw
2019-02-17,Sports and travel,7,2019-04-18,Produit à date courte - PROMO/DON,499.7265,Naypyitaw
2019-02-06,Food and beverages,1,2019-02-13,Produit à date courte - PROMO/DON,55.041,Naypyitaw
2019-01-17,Food and beverages,2,2019-01-24,Produit à date courte - PROMO/DON,137.865,Naypyitaw
2019-01-22,Food and beverages,5,2019-01-29,Produit à date courte - PROMO/DON,151.515,Mandalay
2019-03-05,Health and beauty,7,2019-04-04,Produit à date courte - PROMO/DON,480.0285,Naypyitaw
2019-01-03,Sports and travel,1,2019-03-04,Produit à date courte - PROMO/DON,98.049,Mandalay
2019-03-20,Sports and travel,5,2019-05-19,Produit à date courte - PROMO/DON,132.5625,Naypyitaw
2019-01-31,Electronic accessories,9,2019-05-01,Produit à date courte - PROMO/DON,830.3715,Mandalay
2019-02-19,Health and beauty,8,2019-03-21,Produit à date courte - PROMO/DON,183.12,Naypyitaw
2019-02-11,Sports and travel,4,2019-04-12,Produit à date courte - PROMO/DON,397.992,Yangon
2019-02-05,Fashion accessories,1,2019-03-07,Produit à date courte - PROMO/DON,32.151,Yangon
2019-03-03,Home and lifestyle,8,2019-04-17,Produit à date courte - PROMO/DON,369.684,Naypyitaw
2019-02-24,Health and beauty,5,2019-03-26,Produit à date courte - PROMO/DON,53.34,Naypyitaw
2019-02-04,Electronic accessories,7,2019-05-05,Produit à date courte - PROMO/DON,548.163,Yangon
2019-02-19,Electronic accessories,8,2019-05-20,Produit à date courte - PROMO/DON,603.876,Naypyitaw
2019-01-23,Health and beauty,5,2019-02-22,Produit à date courte - PROMO/DON,57.6975,Naypyitaw
2019-01-14,Health and beauty,3,2019-02-13,Produit à date courte - PROMO/DON,190.4805,Naypyitaw
2019-01-17,Sports and travel,7,2019-03-18,Produit à date courte - PROMO/DON,432.9885,Yangon
2019-03-03,Fashion accessories,1,2019-04-02,Produit à date courte - PROMO/DON,48.7305,Yangon
2019-02-15,Health and beauty,4,2019-03-17,Produit à date courte - PROMO/DON,287.91,Naypyitaw
2019-01-15,Home and lifestyle,10,2019-03-01,Produit à date courte - PROMO/DON,1022.385,Mandalay
2019-02-27,Electronic accessories,7,2019-05-28,Produit à date courte - PROMO/DON,680.61,Yangon
2019-02-26,Electronic accessories,2,2019-05-27,Produit à date courte - PROMO/DON,97.881,Yangon
2019-03-15,Fashion accessories,2,2019-04-14,Produit à date courte - PROMO/DON,57.078,Mandalay
2019-01-24,Home and lifestyle,1,2019-03-10,Produit à date courte - PROMO/DON,63.9135,Naypyitaw
2019-02-22,Sports and travel,10,2019-04-23,Produit à date courte - PROMO/DON,257.145,Yangon
2019-03-15,Health and beauty,1,2019-04-14,Produit à date courte - PROMO/DON,97.419,Mandalay
2019-02-11,Home and lifestyle,5,2019-03-28,Produit à date courte - PROMO/DON,455.1225,Naypyitaw
2019-01-12,Sports and travel,6,2019-03-13,Produit à date courte - PROMO/DON,144.963,Mandalay
2019-03-03,Electronic accessories,8,2019-06-01,Produit à date courte - PROMO/DON,253.68,Naypyitaw
2019-03-23,Fashion accessories,7,2019-04-22,Produit à date courte - PROMO/DON,495.3165,Naypyitaw
2019-03-04,Fashion accessories,9,2019-04-03,Produit à date courte - PROMO/DON,462.672,Yangon
2019-02-23,Electronic accessories,9,2019-05-24,Produit à date courte - PROMO/DON,714.3255,Mandalay
2019-03-17,Home and lifestyle,4,2019-05-01,Produit à date courte - PROMO/DON,325.374,Yangon
2019-01-16,Sports and travel,2,2019-03-17,Produit à date courte - PROMO/DON,195.678,Yangon
2019-01-08,Electronic accessories,4,2019-04-08,Produit à date courte - PROMO/DON,210.966,Yangon
2019-01-14,Health and beauty,1,2019-02-13,Produit à date courte - PROMO/DON,18.6375,Mandalay
2019-01-31,Fashion accessories,10,2019-03-02,Produit à date courte - PROMO/DON,652.89,Naypyitaw
2019-03-15,Health and beauty,8,2019-04-14,Produit à date courte - PROMO/DON,90.3,Mandalay
2019-02-24,Electronic accessories,10,2019-05-25,Produit à date courte - PROMO/DON,422.73,Yangon
2019-02-08,Sports and travel,5,2019-04-09,Produit à date courte - PROMO/DON,341.0925,Naypyitaw
2019-03-22,Electronic accessories,1,2019-06-20,Produit à date courte - PROMO/DON,99.9075,Yangon
2019-01-24,Electronic accessories,8,2019-04-24,Produit à date courte - PROMO/DON,408.408,Yangon
2019-03-14,Food and beverages,8,2019-03-21,Produit à date courte - PROMO/DON,446.964,Mandalay
2019-01-23,Fashion accessories,7,2019-02-22,Produit à date courte - PROMO/DON,333.984,Naypyitaw
2019-01-19,Food and beverages,8,2019-01-26,Produit à date courte - PROMO/DON,284.592,Yangon
2019-01-27,Health and beauty,4,2019-02-26,Produit à date courte - PROMO/DON,403.872,Mandalay
2019-02-03,Food and beverages,5,2019-02-10,Produit à date courte - PROMO/DON,247.59,Mandalay
2019-03-25,Electronic accessories,4,2019-06-23,Produit à date courte - PROMO/DON,222.138,Mandalay
2019-02-24,Home and lifestyle,2,2019-04-10,Produit à date courte - PROMO/DON,100.128,Yangon
2019-02-07,Sports and travel,1,2019-04-08,Produit à date courte - PROMO/DON,10.6785,Naypyitaw
2019-03-04,Health and beauty,3,2019-04-03,Produit à date courte - PROMO/DON,216.4365,Yangon
2019-02-14,Sports and travel,7,2019-04-15,Produit à date courte - PROMO/DON,441.588,Mandalay
2019-01-29,Sports and travel,4,2019-03-30,Produit à date courte - PROMO/DON,92.442,Yangon
2019-01-28,Health and beauty,9,2019-02-27,Produit à date courte - PROMO/DON,681.4395,Mandalay
2019-03-26,Fashion accessories,3,2019-04-25,Produit à date courte - PROMO/DON,130.032,Yangon
2019-03-24,Electronic accessories,10,2019-06-22,Produit à date courte - PROMO/DON,681.975,Naypyitaw
2019-01-01,Electronic accessories,10,2019-04-01,Produit à date courte - PROMO/DON,779.31,Yangon
2019-01-24,Electronic accessories,8,2019-04-24,Produit à date courte - PROMO/DON,88.704,Yangon
2019-02-25,Health and beauty,4,2019-03-27,Produit à date courte - PROMO/DON,262.794,Mandalay
2019-01-09,Sports and travel,8,2019-03-10,Produit à date courte - PROMO/DON,99.54,Mandalay
2019-02-14,Health and beauty,1,2019-03-16,Produit à date courte - PROMO/DON,95.865,Yangon
2019-03-12,Home and lifestyle,7,2019-04-26,Produit à date courte - PROMO/DON,299.3655,Mandalay
2019-03-26,Fashion accessories,1,2019-04-25,Produit à date courte - PROMO/DON,54.999,Yangon
2019-01-09,Fashion accessories,5,2019-02-08,Produit à date courte - PROMO/DON,202.335,Yangon
2019-01-02,Sports and travel,6,2019-03-03,Produit à date courte - PROMO/DON,281.169,Mandalay
2019-01-15,Electronic accessories,10,2019-04-15,Produit à date courte - PROMO/DON,586.635,Naypyitaw
2019-01-01,Sports and travel,6,2019-03-02,Produit à date courte - PROMO/DON,184.086,Naypyitaw
2019-02-15,Fashion accessories,3,2019-03-17,Produit à date courte - PROMO/DON,163.611,Yangon
2019-02-28,Electronic accessories,1,2019-05-29,Produit à date courte - PROMO/DON,63.315,Mandalay
2019-03-02,Sports and travel,2,2019-05-01,Produit à date courte - PROMO/DON,82.887,Yangon
2019-02-13,Food and beverages,2,2019-02-20,Produit à date courte - PROMO/DON,31.227,Naypyitaw
2019-01-26,Fashion accessories,1,2019-02-25,Produit à date courte - PROMO/DON,22.386,Yangon
2019-01-30,Electronic accessories,3,2019-04-30,Produit à date courte - PROMO/DON,295.407,Yangon
2019-01-27,Electronic accessories,1,2019-04-27,Produit à date courte - PROMO/DON,76.923,Yangon
2019-01-30,Sports and travel,1,2019-03-31,Produit à date courte - PROMO/DON,23.499,Naypyitaw
2019-01-08,Food and beverages,9,2019-01-15,Produit à date courte - PROMO/DON,688.716,Naypyitaw
2019-01-19,Fashion accessories,6,2019-02-18,Produit à date courte - PROMO/DON,624.33,Yangon
2019-01-25,Fashion accessories,1,2019-02-24,Produit à date courte - PROMO/DON,77.805,Yangon
2019-02-19,Fashion accessories,2,2019-03-21,Produit à date courte - PROMO/DON,206.808,Yangon
2019-01-14,Health and beauty,7,2019-02-13,Produit à date courte - PROMO/DON,390.9465,Naypyitaw
2019-02-25,Electronic accessories,10,2019-05-26,Produit à date courte - PROMO/DON,554.295,Mandalay
2019-01-23,Health and beauty,5,2019-02-22,Produit à date courte - PROMO/DON,503.7375,Yangon
2019-02-16,Fashion accessories,9,2019-03-18,Produit à date courte - PROMO/DON,345.0195,Mandalay
2019-01-01,Food and beverages,8,2019-01-08,Produit à date courte - PROMO/DON,177.408,Mandalay
2019-03-07,Home and lifestyle,4,2019-04-21,Produit à date courte - PROMO/DON,118.902,Yangon
2019-02-15,Health and beauty,6,2019-03-17,Produit à date courte - PROMO/DON,362.817,Mandalay
2019-01-23,Food and beverages,9,2019-01-30,Produit à date courte - PROMO/DON,450.1035,Yangon
2019-02-20,Home and lifestyle,1,2019-04-06,Produit à date courte - PROMO/DON,90.5835,Naypyitaw
2019-01-08,Sports and travel,2,2019-03-09,Produit à date courte - PROMO/DON,26.796,Yangon
2019-03-17,Home and lifestyle,9,2019-05-01,Produit à date courte - PROMO/DON,106.596,Mandalay
2019-01-12,Home and lifestyle,7,2019-02-26,Produit à date courte - PROMO/DON,375.3645,Mandalay
2019-01-08,Electronic accessories,3,2019-04-08,Produit à date courte - PROMO/DON,250.7085,Yangon
2019-01-26,Health and beauty,3,2019-02-25,Produit à date courte - PROMO/DON,106.5015,Naypyitaw
2019-03-15,Sports and travel,8,2019-05-14,Produit à date courte - PROMO/DON,760.452,Mandalay
2019-01-17,Health and beauty,2,2019-02-16,Produit à date courte - PROMO/DON,131.922,Naypyitaw
2019-01-08,Food and beverages,3,2019-01-15,Produit à date courte - PROMO/DON,76.5765,Naypyitaw
2019-01-06,Sports and travel,4,2019-03-07,Produit à date courte - PROMO/DON,271.278,Yangon
2019-02-16,Food and beverages,7,2019-02-23,Produit à date courte - PROMO/DON,182.427,Yangon
2019-03-13,Fashion accessories,1,2019-04-12,Produit à date courte - PROMO/DON,59.325,Naypyitaw
2019-01-28,Electronic accessories,10,2019-04-28,Produit à date courte - PROMO/DON,225.015,Mandalay
2019-01-18,Sports and travel,6,2019-03-19,Produit à date courte - PROMO/DON,561.078,Yangon
2019-03-19,Home and lifestyle,4,2019-05-03,Produit à date courte - PROMO/DON,97.818,Yangon
2019-03-15,Home and lifestyle,8,2019-04-29,Produit à date courte - PROMO/DON,548.184,Naypyitaw
2019-02-12,Fashion accessories,1,2019-03-14,Produit à date courte - PROMO/DON,54.9675,Naypyitaw
2019-02-25,Electronic accessories,1,2019-05-26,Produit à date courte - PROMO/DON,41.7375,Mandalay
2019-03-21,Electronic accessories,8,2019-06-19,Produit à date courte - PROMO/DON,756.168,Yangon
2019-01-19,Electronic accessories,8,2019-04-19,Produit à date courte - PROMO/DON,101.64,Mandalay
2019-01-08,Food and beverages,10,2019-01-15,Produit à date courte - PROMO/DON,348.705,Mandalay
2019-03-30,Fashion accessories,8,2019-04-29,Produit à date courte - PROMO/DON,85.512,Naypyitaw
2019-02-20,Sports and travel,10,2019-04-21,Produit à date courte - PROMO/DON,335.895,Mandalay
2019-03-30,Home and lifestyle,6,2019-05-14,Produit à date courte - PROMO/DON,216.846,Yangon
2019-03-19,Food and beverages,2,2019-03-26,Produit à date courte - PROMO/DON,175.014,Yangon
2019-01-13,Sports and travel,7,2019-03-14,Produit à date courte - PROMO/DON,335.013,Yangon
2019-02-05,Food and beverages,1,2019-02-12,Produit à date courte - PROMO/DON,92.295,Yangon
2019-03-23,Electronic accessories,10,2019-06-21,Produit à date courte - PROMO/DON,771.435,Yangon
2019-03-13,Fashion accessories,8,2019-04-12,Produit à date courte - PROMO/DON,102.396,Naypyitaw
2019-03-17,Sports and travel,10,2019-05-16,Produit à date courte - PROMO/DON,807.66,Yangon
2019-02-21,Health and beauty,5,2019-03-23,Produit à date courte - PROMO/DON,439.215,Naypyitaw
2019-02-07,Electronic accessories,8,2019-05-08,Produit à date courte - PROMO/DON,486.444,Mandalay
2019-03-02,Fashion accessories,5,2019-04-01,Produit à date courte - PROMO/DON,485.5725,Naypyitaw
2019-03-06,Electronic accessories,5,2019-06-04,Produit à date courte - PROMO/DON,148.995,Mandalay
2019-02-06,Electronic accessories,6,2019-05-07,Produit à date courte - PROMO/DON,317.835,Mandalay
2019-01-28,Health and beauty,8,2019-02-27,Produit à date courte - PROMO/DON,832.944,Mandalay
2019-01-18,Fashion accessories,7,2019-02-17,Produit à date courte - PROMO/DON,446.439,Naypyitaw
2019-02-05,Food and beverages,6,2019-02-12,Produit à date courte - PROMO/DON,297.801,Naypyitaw
2019-03-02,Health and beauty,7,2019-04-01,Produit à date courte - PROMO/DON,629.16,Naypyitaw
2019-02-09,Food and beverages,9,2019-02-16,Produit à date courte - PROMO/DON,331.128,Yangon
2019-01-14,Electronic accessories,9,2019-04-14,Produit à date courte - PROMO/DON,423.738,Naypyitaw
2019-02-09,Home and lifestyle,4,2019-03-26,Produit à date courte - PROMO/DON,193.074,Mandalay
2019-03-26,Health and beauty,5,2019-04-25,Produit à date courte - PROMO/DON,145.5825,Yangon
2019-01-28,Food and beverages,7,2019-02-04,Produit à date courte - PROMO/DON,84.7455,Yangon
2019-02-14,Health and beauty,2,2019-03-16,Produit à date courte - PROMO/DON,122.472,Naypyitaw
2019-03-24,Home and lifestyle,4,2019-05-08,Produit à date courte - PROMO/DON,329.196,Naypyitaw
2019-02-09,Health and beauty,10,2019-03-11,Produit à date courte - PROMO/DON,888.405,Naypyitaw
2019-03-24,Health and beauty,5,2019-04-23,Produit à date courte - PROMO/DON,435.12,Mandalay
2019-03-27,Food and beverages,2,2019-04-03,Produit à date courte - PROMO/DON,167.034,Yangon
2019-01-27,Home and lifestyle,10,2019-03-13,Produit à date courte - PROMO/DON,514.605,Mandalay
2019-03-27,Food and beverages,3,2019-04-03,Produit à date courte - PROMO/DON,91.8225,Mandalay
2019-01-19,Electronic accessories,4,2019-04-19,Produit à date courte - PROMO/DON,235.746,Naypyitaw
2019-02-07,Home and lifestyle,8,2019-03-24,Produit à date courte - PROMO/DON,782.208,Yangon
2019-01-31,Fashion accessories,8,2019-03-02,Produit à date courte - PROMO/DON,431.256,Yangon
2019-02-25,Food and beverages,3,2019-03-04,Produit à date courte - PROMO/DON,313.74,Yangon
2019-02-02,Electronic accessories,6,2019-05-03,Produit à date courte - PROMO/DON,223.587,Naypyitaw
2019-03-14,Sports and travel,1,2019-05-13,Produit à date courte - PROMO/DON,44.9925,Naypyitaw
2019-03-11,Fashion accessories,4,2019-04-10,Produit à date courte - PROMO/DON,397.614,Yangon
2019-02-22,Home and lifestyle,3,2019-04-08,Produit à date courte - PROMO/DON,217.2555,Mandalay
2019-03-02,Electronic accessories,3,2019-05-31,Produit à date courte - PROMO/DON,82.719,Mandalay
2019-03-10,Home and lifestyle,9,2019-04-24,Produit à date courte - PROMO/DON,338.2155,Naypyitaw
2019-02-08,Home and lifestyle,6,2019-03-25,Produit à date courte - PROMO/DON,103.131,Mandalay
2019-02-22,Home and lifestyle,2,2019-04-08,Produit à date courte - PROMO/DON,26.733,Naypyitaw
2019-01-10,Sports and travel,7,2019-03-11,Produit à date courte - PROMO/DON,611.079,Naypyitaw
2019-03-14,Sports and travel,6,2019-05-13,Produit à date courte - PROMO/DON,221.886,Naypyitaw
2019-01-10,Electronic accessories,4,2019-04-10,Produit à date courte - PROMO/DON,57.876,Mandalay
2019-02-15,Sports and travel,1,2019-04-16,Produit à date courte - PROMO/DON,92.7255,Mandalay
2019-01-13,Health and beauty,9,2019-02-12,Produit à date courte - PROMO/DON,374.409,Yangon
2019-02-15,Electronic accessories,9,2019-05-16,Produit à date courte - PROMO/DON,833.9625,Mandalay
2019-03-02,Sports and travel,2,2019-05-01,Produit à date courte - PROMO/DON,53.151,Mandalay
2019-03-24,Home and lifestyle,6,2019-05-08,Produit à date courte - PROMO/DON,629.496,Mandalay
2019-02-02,Fashion accessories,2,2019-03-04,Produit à date courte - PROMO/DON,175.035,Naypyitaw
2019-02-27,Food and beverages,10,2019-03-06,Produit à date courte - PROMO/DON,781.62,Yangon
2019-01-20,Health and beauty,7,2019-02-19,Produit à date courte - PROMO/DON,470.988,Naypyitaw
2019-01-03,Home and lifestyle,6,2019-02-17,Produit à date courte - PROMO/DON,397.845,Mandalay
2019-01-24,Home and lifestyle,3,2019-03-10,Produit à date courte - PROMO/DON,270.018,Naypyitaw
2019-01-05,Health and beauty,7,2019-02-04,Produit à date courte - PROMO/DON,579.8415,Naypyitaw
2019-03-30,Sports and travel,5,2019-05-29,Produit à date courte - PROMO/DON,469.77,Yangon
2019-02-17,Health and beauty,3,2019-03-19,Produit à date courte - PROMO/DON,290.0835,Yangon
2019-03-21,Food and beverages,6,2019-03-28,Produit à date courte - PROMO/DON,360.927,Naypyitaw
2019-03-02,Food and beverages,4,2019-03-09,Produit à date courte - PROMO/DON,279.384,Yangon
2019-03-27,Fashion accessories,9,2019-04-26,Produit à date courte - PROMO/DON,943.299,Naypyitaw
2019-01-19,Home and lifestyle,10,2019-03-05,Produit à date courte - PROMO/DON,479.64,Yangon
2019-02-19,Health and beauty,5,2019-03-21,Produit à date courte - PROMO/DON,266.6475,Yangon
2019-03-28,Health and beauty,7,2019-04-27,Produit à date courte - PROMO/DON,74.088,Yangon
2019-01-05,Electronic accessories,7,2019-04-05,Produit à date courte - PROMO/DON,690.018,Yangon
2019-03-26,Electronic accessories,2,2019-06-24,Produit à date courte - PROMO/DON,176.925,Naypyitaw
2019-02-03,Fashion accessories,1,2019-03-05,Produit à date courte - PROMO/DON,56.469,Mandalay
2019-02-06,Home and lifestyle,5,2019-03-23,Produit à date courte - PROMO/DON,188.0025,Naypyitaw
2019-02-24,Food and beverages,8,2019-03-03,Produit à date courte - PROMO/DON,222.012,Mandalay
2019-02-21,Health and beauty,3,2019-03-23,Produit à date courte - PROMO/DON,125.7165,Mandalay
2019-01-09,Home and lifestyle,3,2019-02-23,Produit à date courte - PROMO/DON,68.985,Mandalay
2019-02-25,Food and beverages,4,2019-03-04,Produit à date courte - PROMO/DON,263.97,Mandalay
2019-01-13,Food and beverages,4,2019-01-20,Produit à date courte - PROMO/DON,88.368,Naypyitaw
2019-02-09,Home and lifestyle,6,2019-03-26,Produit à date courte - PROMO/DON,415.233,Mandalay
2019-01-06,Fashion accessories,7,2019-02-05,Produit à date courte - PROMO/DON,312.8895,Yangon
2019-01-10,Food and beverages,9,2019-01-17,Produit à date courte - PROMO/DON,477.1305,Naypyitaw
2019-02-07,Electronic accessories,6,2019-05-08,Produit à date courte - PROMO/DON,289.926,Mandalay
2019-01-09,Home and lifestyle,10,2019-02-23,Produit à date courte - PROMO/DON,165.9,Naypyitaw
2019-02-19,Food and beverages,9,2019-02-26,Produit à date courte - PROMO/DON,932.337,Yangon
2019-03-18,Fashion accessories,1,2019-04-17,Produit à date courte - PROMO/DON,96.579,Naypyitaw
2019-02-05,Electronic accessories,2,2019-05-06,Produit à date courte - PROMO/DON,43.869,Yangon
2019-03-19,Fashion accessories,1,2019-04-18,Produit à date courte - PROMO/DON,16.275,Yangon
2019-03-30,Electronic accessories,3,2019-06-28,Produit à date courte - PROMO/DON,304.983,Naypyitaw
2019-01-26,Food and beverages,2,2019-02-02,Produit à date courte - PROMO/DON,69.993,Mandalay
2019-03-02,Electronic accessories,2,2019-05-31,Produit à date courte - PROMO/DON,80.367,Mandalay
2019-03-04,Home and lifestyle,9,2019-04-18,Produit à date courte - PROMO/DON,314.685,Yangon
2019-01-13,Home and lifestyle,3,2019-02-27,Produit à date courte - PROMO/DON,255.1815,Yangon
2019-03-25,Health and beauty,3,2019-04-24,Produit à date courte - PROMO/DON,49.77,Yangon
2019-03-11,Electronic accessories,5,2019-06-09,Produit à date courte - PROMO/DON,181.0725,Mandalay
2019-01-01,Food and beverages,10,2019-01-08,Produit à date courte - PROMO/DON,888.615,Mandalay
2019-02-10,Home and lifestyle,7,2019-03-27,Produit à date courte - PROMO/DON,271.2885,Mandalay
2019-01-26,Electronic accessories,7,2019-04-26,Produit à date courte - PROMO/DON,640.038,Mandalay
2019-02-11,Home and lifestyle,3,2019-03-28,Produit à date courte - PROMO/DON,252.252,Yangon
2019-02-07,Fashion accessories,2,2019-03-09,Produit à date courte - PROMO/DON,180.873,Naypyitaw
2019-03-06,Fashion accessories,2,2019-04-05,Produit à date courte - PROMO/DON,104.832,Mandalay
2019-03-04,Food and beverages,4,2019-03-11,Produit à date courte - PROMO/DON,313.572,Yangon
2019-02-26,Food and beverages,6,2019-03-05,Produit à date courte - PROMO/DON,167.58,Mandalay
2019-03-10,Electronic accessories,1,2019-06-08,Produit à date courte - PROMO/DON,26.7225,Mandalay
2019-02-04,Food and beverages,1,2019-02-11,Produit à date courte - PROMO/DON,71.1585,Mandalay
2019-01-19,Food and beverages,4,2019-01-26,Produit à date courte - PROMO/DON,250.278,Naypyitaw
2019-01-23,Health and beauty,4,2019-02-22,Produit à date courte - PROMO/DON,244.23,Yangon
2019-03-14,Sports and travel,9,2019-05-13,Produit à date courte - PROMO/DON,921.186,Yangon
2019-01-23,Health and beauty,7,2019-02-22,Produit à date courte - PROMO/DON,734.706,Naypyitaw
2019-01-09,Electronic accessories,7,2019-04-09,Produit à date courte - PROMO/DON,708.3195,Naypyitaw
2019-02-07,Fashion accessories,5,2019-03-09,Produit à date courte - PROMO/DON,334.4775,Mandalay
2019-02-18,Health and beauty,2,2019-03-20,Produit à date courte - PROMO/DON,30.996,Mandalay
2019-01-03,Health and beauty,8,2019-02-02,Produit à date courte - PROMO/DON,520.8,Mandalay
2019-03-29,Electronic accessories,10,2019-06-27,Produit à date courte - PROMO/DON,864.57,Naypyitaw
2019-01-28,Health and beauty,8,2019-02-27,Produit à date courte - PROMO/DON,633.108,Mandalay
2019-03-22,Food and beverages,5,2019-03-29,Produit à date courte - PROMO/DON,296.94,Yangon
2019-01-24,Sports and travel,10,2019-03-25,Produit à date courte - PROMO/DON,804.3,Mandalay
2019-03-10,Electronic accessories,2,2019-06-08,Produit à date courte - PROMO/DON,121.863,Yangon
2019-02-22,Fashion accessories,10,2019-03-24,Produit à date courte - PROMO/DON,183.645,Mandalay
2019-02-18,Electronic accessories,1,2019-05-19,Produit à date courte - PROMO/DON,63.9975,Naypyitaw
2019-01-29,Health and beauty,1,2019-02-28,Produit à date courte - PROMO/DON,42.3675,Naypyitaw
2019-03-02,Home and lifestyle,10,2019-04-16,Produit à date courte - PROMO/DON,1022.49,Mandalay
2019-02-09,Food and beverages,1,2019-02-16,Produit à date courte - PROMO/DON,33.432,Yangon
2019-02-22,Home and lifestyle,1,2019-04-08,Produit à date courte - PROMO/DON,69.111,Yangon
2019-02-18,Fashion accessories,7,2019-03-20,Produit à date courte - PROMO/DON,649.299,Yangon
